DATA;PRECIPITACAO_TOTAL;PRESSAO_ATMOSFERICA;TEMPERATURA_PONTO_ORVALHO;TEMPERATURA_MAXIMA;TEMPERATURA_MEDIA;TEMPERATURA_MINIMA;UMIDADE_RELATIVA;UMIDADE_RELATIVA;VENTO;VELOCIDADE_VENTO;
2018-01-01;0;918.520833;18.929167;31.4;23.829167;19.1;75.958333;43;10.8;1.5375;
2018-01-02;.4;916.429167;18.4125;32.4;22.854167;18.8;79.041667;35;17.8;1.7625;
2018-01-03;4.6;916.4875;19.666667;30.8;21.9;20.1;88.208333;47;12.2;1.2625;
2018-01-04;3.4;918.845833;19.366667;28;22.4625;19.8;83.708333;55;7.3;1.475;
2018-01-05;0;920.358333;17.633333;29.4;23.391667;17.9;73.208333;43;9.6;2.483333;
2018-01-06;0;920.225;17.004167;28.6;21.983333;17.2;75.583333;43;7.6;2.1125;
2018-01-07;0;919.316667;16.570833;29.9;22.445833;17.9;71.833333;34;8.3;2.4125;
2018-01-08;0;920.483333;14.841667;30;22.575;16.5;64.666667;35;9.1;3;
2018-01-09;0;921.766667;16.2375;30;22.5;16.1;70.166667;42;9.7;3.058333;
2018-01-10;.2;922.241667;18.591667;27;21.695833;19;83.125;59;11.2;3.358333;
2018-01-11;.6;921.695833;15.595833;29.3;21.945833;15.6;70.625;39;10;3.2;
2018-01-12;0;919.75;16.320833;30.6;21.704167;15.7;74.5;39;10.8;2.066667;
2018-01-13;2.8;918.85;17.425;30.7;23.8375;19.2;70.291667;38;9.3;2.570833;
2018-01-14;0;919.870833;16.5875;30.5;23.833333;18.7;66.916667;39;8.1;2.533333;
2018-01-15;0;920.541667;16.520833;30.2;23.4125;18.9;68.291667;35;9.4;2.7375;
2018-01-16;0;921.05;13.291667;31.7;23.7875;17.4;58;24;10;3.095833;
2018-01-17;0;921.045833;13.479167;30.2;22.729167;15;60.166667;27;12.6;3.379167;
2018-01-18;0;921.404167;15.079167;30.3;22.695833;15.8;65.291667;37;10.9;3.104167;
2018-01-19;0;921.0125;14.845833;31.9;23.3;16.5;63.791667;21;9.6;3.0125;
2018-01-20;0;919.9125;14.275;32.4;24.154167;18;58.916667;21;10.6;3.091667;
2018-01-21;0;919.1875;13.3375;32.5;23.891667;16.7;57.708333;19;8.9;2.708333;
2018-01-22;0;917.9625;13.970833;32.3;23.891667;16.9;58.291667;25;9.8;2.875;
2018-01-23;0;918.345833;14.708333;31.8;23.766667;16.7;61.541667;27;8.7;3.045833;
2018-01-24;0;918.108333;13.358333;31.3;23.420833;15.2;57.875;26;10.2;2.629167;
2018-01-25;0;917.391667;16.366667;30;23.120833;19.3;67.708333;36;9.8;2.983333;
2018-01-26;0;916.995833;15.829167;29.7;22.9;16.6;67.083333;37;10.7;2.095833;
2018-01-27;2.4;917;18.195833;31.2;22.5625;18.7;78.333333;38;11.3;2.25;
2018-01-28;1.4;916.691667;18.179167;31.9;23.770833;18.3;74.458333;36;7.5;1.779167;
2018-01-29;0;916.054167;17.945833;31.8;24.670833;21.4;68.333333;37;7.9;2.541667;
2018-01-30;0;914.841667;16.7;32.2;24.75;17.3;63.458333;37;7;2.091667;
2018-01-31;45.2;916.391667;19.154167;27.2;21.254167;18.9;88.541667;58;10.1;1.379167;
2018-02-01;.6;917.175;18.9;24.1;20.541667;19.5;90.583333;70;15.4;1.720833;
2018-02-02;6.6;915.379167;18.95;30;23.6875;18.7;77.041667;46;8.9;1.808333;
2018-02-03;47.8;915.0125;19.2625;22.8;19.929167;19.2;95.916667;80;11.6;1.604167;
2018-02-04;36;916.045833;19.3;21.3;19.929167;18.3;96.208333;93;9.5;1.895833;
2018-02-05;52;916.1875;19.1875;24.5;20.6375;18.9;91.625;70;10.1;2.366667;
2018-02-06;13.6;916.391667;19.175;28.5;22.420833;19.2;82.958333;54;10;2.525;
2018-02-07;2.8;917.075;19.241667;29.2;23.345833;18.7;79.666667;49;7.2;1.779167;
2018-02-08;0;917.675;19.133333;31;23.45;19.3;79.5;45;13.1;1.5375;
2018-02-09;18.4;919.1375;20.4375;26.7;22.004167;19.7;91.25;63;9.2;1.333333;
2018-02-10;8.2;919.725;18.254167;28.7;22.95;20;77.375;43;6.8;2.020833;
2018-02-11;0;919.7125;17.2375;28.8;22.316667;17.9;75.125;45;8.1;2.445833;
2018-02-12;0;919.258333;15.458333;30;21.895833;14.6;70.375;29;7.4;1.65;
2018-02-13;0;919.741667;16.583333;30.5;23.470833;18.5;68.375;32;7.9;2.2125;
2018-02-14;0;920.958333;16.883333;28.5;22.533333;17.5;72.291667;43;11;2.583333;
2018-02-15;0;922.075;17.541667;29.5;22.2125;18.6;77.083333;45;13.9;3;
2018-02-16;1.6;922.266667;18.004167;26.9;21.479167;18.5;81.708333;58;7.7;2.545833;
2018-02-17;2;920.795833;18.079167;28;21.708333;18.1;81.291667;51;10.6;2.654167;
2018-02-18;.2;919.133333;17.145833;29.6;22.495833;17.2;74.375;43;8.6;2.383333;
2018-02-19;0;917.745833;17.541667;29.7;22.766667;18.3;74.5;44;6.9;2.004167;
2018-02-20;0;917.666667;17.9625;29.1;22.95;18.1;75.125;48;6.3;1.304167;
2018-02-21;0;917.129167;18.904167;31.5;23.920833;19.8;75.583333;37;10.4;1.916667;
2018-02-22;0;917.195833;19.416667;29.3;22.691667;18.5;83.25;49;12;1.379167;
2018-02-23;23.4;918.066667;18.829167;31.2;23.2625;18.1;79.5;41;9.6;1.445833;
2018-02-24;4.6;918.5625;19.5375;28.1;22.508333;19.1;84.041667;57;9.9;1.533333;
2018-02-25;6;919.016667;19.325;28.5;22.866667;20.1;81.75;55;8.2;2.658333;
2018-02-26;17.4;919.754167;18.108333;29.1;22.666667;18.1;78.083333;42;7.7;1.9125;
2018-02-27;0;920.083333;17.358333;28.6;22.0875;18.1;77.166667;38;5.8;1.670833;
2018-02-28;0;918.9;17.095833;30.5;22.920833;16.4;72.666667;38;7.3;1.866667;
2018-03-01;0;920.154167;17.770833;31.3;23.079167;16.5;74.458333;39;6;1.75;
2018-03-02;0;920.354167;15.2625;30.9;23.025;16.6;65.083333;31;6.3;1.575;
2018-03-03;0;918.366667;15.129167;32.1;22.854167;14.8;65.541667;34;6.3;1.308333;
2018-03-04;0;916.508333;17.65;32.3;23.954167;17.3;71;37;6.8;1.670833;
2018-03-05;0;916.4375;20.095833;29.2;23.2375;21.1;83.083333;54;9.2;1.320833;
2018-03-06;.2;916.420833;20.466667;29.5;22.533333;19.5;88.75;55;12.5;1.1875;
2018-03-07;6;916.520833;20.408333;29.9;23.766667;18.9;83.166667;50;7.6;1.158333;
2018-03-08;21.2;917.075;19.995833;28;22.633333;19.1;86.208333;57;8.5;2.070833;
2018-03-09;0;917.966667;19.458333;29.7;23.058333;19.6;82.25;49;8.5;1.308333;
2018-03-10;9.6;917.958333;20.2;28.2;22.495833;18.9;87.75;58;12.7;1.295833;
2018-03-11;22.6;917.3125;20.2125;27.6;22.6875;19.9;86.875;61;10.2;2.175;
2018-03-12;1.6;916.220833;19.904167;28.2;23.120833;20.3;83.291667;59;10.3;2.604167;
2018-03-13;.2;917.625;20.225;29.3;23.083333;19.7;84.916667;53;8.8;1.333333;
2018-03-14;4.6;919.245833;19.7625;31;23.675;19.3;81.583333;46;10.9;.870833;
2018-03-15;33;920.008333;19.316667;30.2;23.558333;19.4;79.958333;44;8;1.575;
2018-03-16;0;919.270833;17.545833;30.5;23.454167;18.8;72.916667;29;7.7;1.975;
2018-03-17;0;918.133333;17.275;30;22.641667;17.4;74.25;39;6;1.516667;
2018-03-18;0;917.6125;17.875;28.7;22.5625;19.3;76.666667;44;6.9;2.404167;
2018-03-19;0;917.733333;17.6875;29.3;22.520833;16.9;76.958333;43;6.8;1.8;
2018-03-20;0;918.304167;17.245833;29.7;22.8;18.4;73.75;39;5.9;1.5375;
2018-03-21;0;null;null;null;null;16.5;null;74;3.3;null;
2018-03-22;null;null;null;null;null;null;null;60;2;null;
2018-03-23;null;null;null;null;null;null;null;null;null;null;
2018-03-24;null;null;null;null;null;null;null;null;null;null;
2018-03-25;null;null;null;null;null;null;null;null;null;null;
2018-03-26;null;null;null;null;null;null;null;null;null;null;
2018-03-27;null;null;null;null;null;null;null;null;null;null;
2018-03-28;null;null;null;null;null;null;72.076923;56;7.5;null;
2018-03-29;.2;920.108333;17.7375;27.2;21.35;18.2;81.166667;53;7.3;2.283333;
2018-03-30;3.2;919.641667;18.1875;27.7;21.366667;18.4;83.25;53;8.8;1.7625;
2018-03-31;0;919.341667;17.208333;29.2;22.433333;17.8;74.625;44;6.4;2.008333;
2018-04-01;0;918.516667;16.725;29.1;22.416667;18;72.833333;37;7.4;2.483333;
2018-04-02;0;917.991667;16.2625;29.4;22.1625;17.3;72.25;36;9.4;1.695833;
2018-04-03;0;916.554167;15.833333;30.4;21.9375;15.1;71.791667;33;5.9;1.308333;
2018-04-04;0;916.070833;16.916667;30.5;22.504167;15.5;72.958333;47;7;1.529167;
2018-04-05;0;916.283333;18.391667;30.1;23.075;17.3;76.875;47;8.5;1.758333;
2018-04-06;0;917.320833;17.45;29.5;22.195833;17.8;76.625;46;7.3;1.654167;
2018-04-07;0;918.65;17.2125;29.2;22.483333;17.4;74.083333;44;7.7;1.866667;
2018-04-08;0;919.879167;15.991667;29;21.970833;16.7;71.583333;37;7;2.058333;
2018-04-09;0;920.341667;16.391667;27.8;21.829167;18.4;72.791667;45;6.9;2.2;
2018-04-10;0;920.704167;17.091667;28.5;21.833333;18.7;75.791667;46;9.6;3.116667;
2018-04-11;.8;921.1625;15.95;27.5;20.325;15.8;78.125;46;10.8;3.0875;
2018-04-12;0;921.3875;16.470833;27.8;20.675;15.9;78.541667;50;8.9;2.891667;
2018-04-13;0;922.179167;17.570833;27.5;21.129167;17.5;80.916667;52;8.7;2.2125;
2018-04-14;.2;923;18.008333;27.2;21.5375;17.9;81.791667;51;8.9;1.858333;
2018-04-15;.2;923.183333;16.508333;28.6;21.691667;18;75.375;39;8.1;2.1125;
2018-04-16;0;921.966667;16.666667;27.5;21.845833;18.4;74.375;47;8.9;2.229167;
2018-04-17;.4;923.325;16.916667;22.4;19.2;16.7;87;69;9.3;3.1125;
2018-04-18;.2;925.3875;15.75;22.5;18.366667;15.3;85.041667;69;8.4;2.608333;
2018-04-19;0;925.083333;15.725;22.8;18.816667;16.1;82.75;64;6.5;2.241667;
2018-04-20;0;922.833333;15.4125;28;19.929167;13.3;77.666667;45;5.9;1.229167;
2018-04-21;0;921.0625;15.858333;24.9;19.583333;16;80.208333;55;8.1;1.945833;
2018-04-22;0;920.966667;14.720833;27.6;20.225;16;72.5;43;8.3;1.7875;
2018-04-23;0;922.016667;15.9875;27.9;20.179167;15.8;78.166667;46;7.6;1.841667;
2018-04-24;0;922.7;16.2125;27;20.6625;16.5;77.291667;49;8.6;1.791667;
2018-04-25;0;922.725;16.05;29.3;21.608333;16.2;73.166667;43;7.6;2.1625;
2018-04-26;1;922.266667;16.620833;28.4;21.408333;18;76.5;44;8.1;1.975;
2018-04-27;.2;921.983333;16.3625;28.6;21.2125;16.2;76.208333;45;6.2;1.4875;
2018-04-28;0;922.495833;16.8625;28.5;21.533333;18;76.791667;44;8.4;2.3125;
2018-04-29;1.4;922.816667;16.466667;24.9;19.904167;17.4;81.916667;55;6.8;2.229167;
2018-04-30;0;922.820833;15.708333;26;20.016667;15.6;78.083333;51;5.6;1.508333;
2018-05-01;.2;922.895833;15.9625;26.6;19.591667;15.4;81.458333;50;7.4;1.5375;
2018-05-02;0;922.820833;16.020833;29.2;21.4125;15.8;74.041667;41;7.2;1.716667;
2018-05-03;1.2;922.883333;17.379167;27.1;21.283333;18.5;79.5;54;6.3;1.616667;
2018-05-04;0;922.333333;14.5875;29.4;21.291667;15.9;69.708333;31;6.6;1.5875;
2018-05-05;0;922.854167;14.970833;28;19.825;13.3;75.916667;43;9.4;1.8875;
2018-05-06;0;923.266667;14.6;27.7;20.195833;14.9;72.833333;41;8.3;1.729167;
2018-05-07;0;922.9625;13.829167;26.9;19.233333;13.6;73.458333;43;7.7;1.870833;
2018-05-08;0;922.433333;12.458333;27.2;19.266667;13.4;68.25;31;7.3;1.770833;
2018-05-09;0;922.395833;13.104167;26.3;18.041667;10.8;74.666667;47;8.8;1.733333;
2018-05-10;.4;923;15.354167;22.7;18.158333;15.7;84.25;63;10.2;3.029167;
2018-05-11;0;922.7;13.7625;28.2;19.795833;13.4;72.166667;33;6.1;1.770833;
2018-05-12;0;920.825;15.104167;29;21.225;16.7;70.708333;37;5.3;1.133333;
2018-05-13;0;920.4125;16.3;28.6;21.370833;16.6;74.875;40;5.8;.858333;
2018-05-14;0;921.416667;16.1;27.7;21.320833;17.6;74.625;41;8.1;1.8375;
2018-05-15;1.2;921.854167;16.608333;25.9;20.083333;16.9;81.541667;55;9.2;2.179167;
2018-05-16;0;921.479167;15.0875;27.6;20.333333;14.7;74.583333;40;6.6;1.466667;
2018-05-17;0;920.758333;16.020833;26.9;19.854167;13.5;80.291667;49;7.4;1.529167;
2018-05-18;0;920.870833;15.908333;28.7;21.6125;17;73.208333;39;8.1;1.629167;
2018-05-19;0;919.633333;14.8875;29.1;21.845833;16.1;67.833333;36;7.2;1.604167;
2018-05-20;0;918.066667;14.858333;30.8;22.179167;15;66.541667;36;10.5;2.166667;
2018-05-21;0;919.883333;16.625;27.3;20.858333;16.4;77.916667;56;7;1.3125;
2018-05-22;0;922.183333;17.129167;26;20.995833;18.8;79.666667;55;6.7;1.9375;
2018-05-23;0;923.420833;17.591667;24.3;20.066667;16.2;86.041667;68;6.7;1.666667;
2018-05-24;4.8;925.15;17.570833;21.8;18.591667;17.5;93.791667;78;8.7;2.325;
2018-05-25;5.4;924.491667;13.866667;24.9;18.345833;13.8;77.708333;42;8.5;2.504167;
2018-05-26;0;923.791667;14.1125;24.9;18.129167;13.2;79.583333;48;8;2.016667;
2018-05-27;.2;924.829167;15.133333;20.4;17.754167;15.7;84.958333;71;8;2.375;
2018-05-28;.2;925.5;15.233333;21.3;17.875;16;84.916667;71;10;3.075;
2018-05-29;.2;925.591667;13.808333;21.8;17.091667;12.9;81.833333;62;7.9;2.266667;
2018-05-30;0;924.341667;12.079167;24.8;16.629167;10.7;77.208333;42;6.3;1.5375;
2018-05-31;0;922.1125;11.616667;26.4;18.179167;12.9;70;26;9.1;1.366667;
2018-06-01;0;921.766667;14.125;26.3;18.925;14.3;76.166667;42;8.1;1.570833;
2018-06-02;0;922.695833;16.058333;25.1;20.175;15.4;78.5;56;4.3;.691667;
2018-06-03;0;923.591667;17.941667;27;21.308333;18.4;82.125;58;6.3;1.620833;
2018-06-04;.2;924.408333;15.725;23.8;19.308333;16.6;80.75;56;8.6;2.15;
2018-06-05;0;922.516667;14.483333;23.2;17.883333;14;81.541667;59;7.4;1.1875;
2018-06-06;0;920.745833;15.058333;27.2;19.2;14.8;79.5;43;6.5;1.233333;
2018-06-07;.2;921.879167;14.516667;29.7;19.425;12.7;77;38;5.9;1.058333;
2018-06-08;0;922.520833;14.7875;30.7;20.9625;13.7;72.583333;31;5.5;.908333;
2018-06-09;0;924.045833;16.0375;26.6;20.308333;15.4;78.208333;51;10.5;2.129167;
2018-06-10;0;924.116667;17.295833;24.8;20.220833;17;84.041667;61;7.6;2.004167;
2018-06-11;1.2;923.2875;16.554167;24.6;19.475;16.9;84.291667;58;7.2;1.658333;
2018-06-12;0;923.104167;15.704167;27.6;20.441667;17.2;76.791667;40;5.9;1.583333;
2018-06-13;0;923.395833;12.6125;27.9;19.058333;12.8;70.291667;32;7.4;1.470833;
2018-06-14;0;923.716667;12.345833;27.9;19.658333;13.5;68.25;25;7.7;1.55;
2018-06-15;0;925.2;12.125;25.9;18.2625;12.4;70.208333;37;7.7;1.595833;
2018-06-16;0;925.741667;10.754167;25.9;16.979167;8.4;70.208333;34;8.4;1.620833;
2018-06-17;0;926.4875;11.920833;26.6;18.741667;12.6;69.666667;28;7.8;2.208333;
2018-06-18;0;927.0375;12.0625;25.7;17.616667;12.3;73.583333;36;11.7;2.066667;
2018-06-19;0;926.816667;12.154167;25.9;17.491667;11.4;73.833333;39;10.6;1.925;
2018-06-20;0;926.758333;14.558333;22;17.8875;14.8;81.625;62;8.1;2.441667;
2018-06-21;0;925.433333;12.85;27.3;18.8;13.4;72.041667;33;10.1;2.108333;
2018-06-22;0;924.654167;12.804167;25.2;17.65;10.8;75.333333;47;6.6;1.4625;
2018-06-23;0;923.691667;13.2625;25.7;17.729167;10.2;77.583333;48;7.7;1.525;
2018-06-24;0;923.816667;14.525;26.7;19.795833;15.5;74.208333;41;9.4;1.775;
2018-06-25;0;922.879167;13.533333;26.8;19.366667;13.5;72.5;33;10;2.066667;
2018-06-26;0;922.9625;12.420833;25.9;17.6625;11.8;74.791667;37;8.4;1.333333;
2018-06-27;0;923.316667;12.625;27;18.733333;12.4;71.083333;35;8.5;1.016667;
2018-06-28;0;923.554167;11.108333;26.5;18.883333;12.3;64.5;31;10.1;2.504167;
2018-06-29;0;923.070833;12.629167;26;18.975;13.7;68.833333;39;7.8;1.966667;
2018-06-30;0;921.5875;14.4375;27.1;19.741667;16;74.125;38;10.2;1.8625;
2018-07-01;0;921.220833;14.054167;25.9;19.045833;14.5;74.041667;48;5.9;1.270833;
2018-07-02;0;921.533333;14.570833;27.1;19.741667;14.7;74.5;42;6.7;1.429167;
2018-07-03;0;921.866667;13.1125;27.4;19.591667;12.8;70.333333;28;7.4;1.304167;
2018-07-04;0;922.325;9.216667;27.4;18.075;9.9;62.708333;22;9.1;1.766667;
2018-07-05;0;923.691667;9.808333;26;17.095833;10.1;66.666667;31;7.4;1.533333;
2018-07-06;0;923.6875;11.620833;26.1;18.05;13;69.666667;33;7.1;1.883333;
2018-07-07;0;923.4625;10.820833;27;17.779167;10;68.5;30;9.2;2.016667;
2018-07-08;0;923.004167;9.833333;28.4;17.695833;8.2;64.875;29;6;.858333;
2018-07-09;.2;922.945833;12.175;27.2;17.929167;10.2;73.166667;32;6.5;1.070833;
2018-07-10;0;922.875;10.15;28.4;18.433333;9.2;64.375;26;7.4;1.254167;
2018-07-11;0;922.745833;9.095833;29.1;18.1375;8.2;61.458333;24;6.5;1.270833;
2018-07-12;0;924.725;11.5375;27.1;18.545833;10.9;67.416667;34;7.9;1.841667;
2018-07-13;0;924.925;12.7125;27;18.995833;14.6;69.458333;32;6.7;2.0375;
2018-07-14;0;923.8125;11.170833;27.2;19.0375;13.6;65.083333;28;8.9;1.854167;
2018-07-15;0;924.179167;12.279167;25.4;18.75;14;68.375;40;7.9;2;
2018-07-16;0;925.316667;12.495833;27;19.0625;13;69.583333;33;8.4;1.916667;
2018-07-17;0;925.379167;15.045833;24.4;18.179167;14.1;82.791667;60;10.5;2.466667;
2018-07-18;.4;925.2375;11.566667;26;17.983333;10.7;71.416667;31;11;2.541667;
2018-07-19;0;924.004167;11.891667;26;18.05;12.9;71.291667;33;8.3;2.320833;
2018-07-20;0;923.45;13.158333;25.7;17.541667;11.8;77.041667;49;8.2;1.966667;
2018-07-21;0;923.6375;11.008333;26.6;16.741667;7.9;72.5;39;8.4;1.4;
2018-07-22;0;924.004167;11.2375;26.3;19.120833;15.3;66;24;10.6;2.675;
2018-07-23;0;925.0125;11.0875;26.4;17.879167;12.1;68;34;9;2.395833;
2018-07-24;1;925.508333;11.241667;25.5;18.004167;13.5;68.333333;33;10.1;2.658333;
2018-07-25;0;926.266667;10.204167;26;17.904167;10.8;65.041667;32;9;2.108333;
2018-07-26;0;926.0625;10.845833;25.8;18.079167;12.5;66.416667;30;7.9;1.841667;
2018-07-27;0;925.329167;10.741667;25.3;17.729167;11.9;66.708333;34;8.7;1.591667;
2018-07-28;0;924.275;9.970833;25.9;17.429167;9.9;65.583333;31;7.4;1.633333;
2018-07-29;0;923.1625;10.25;26.7;18.866667;12.4;61.625;28;8;1.720833;
2018-07-30;0;922.191667;9.9;27.3;18.366667;10.9;62.875;26;8;1.545833;
2018-07-31;0;921.875;9.966667;28.3;18.1625;9.9;64.625;25;6.8;1.120833;
2018-08-01;0;920.8;10.329167;29.7;19.154167;9;62;25;8.3;1.425;
2018-08-02;0;921.875;13.566667;28.5;20.504167;14.9;67.708333;33;6.9;1.929167;
2018-08-03;0;921.5;11.895833;29.3;20.870833;15;61.333333;27;8.3;1.95;
2018-08-04;0;920.658333;12.345833;30.5;21.1125;12.3;62.291667;28;7.9;1.758333;
2018-08-05;0;919.995833;11.804167;32.1;22.129167;12.6;57.291667;22;7;1.345833;
2018-08-06;0;922.1375;13.320833;32;23.1;14.3;58.875;26;8.1;1.854167;
2018-08-07;0;923.241667;13.920833;29.9;21.6625;14.9;65.083333;31;11.6;2.45;
2018-08-08;0;924.570833;13.5125;28.8;20.495833;14.4;68.125;34;8.8;2.058333;
2018-08-09;0;923.191667;13.091667;28.9;20.6375;14.3;65.75;28;6.7;1.475;
2018-08-10;0;921.125;12.258333;32.1;21.854167;13;59.083333;27;6.4;.9125;
2018-08-11;0;920.970833;12.8875;31.8;23.020833;15;57.125;23;6.9;1.004167;
2018-08-12;0;920.504167;11.333333;33;23.004167;13.5;54.375;20;7.6;1.141667;
2018-08-13;0;920.7375;15.15;29.7;22.520833;17.9;66.333333;33;8.3;2.1125;
2018-08-14;0;921.129167;14.6;29.4;22.458333;19;64.291667;30;8.3;2.333333;
2018-08-15;0;922.254167;13.5;29;21.679167;15.6;63.291667;32;9.5;1.625;
2018-08-16;0;924.575;13.466667;28;21.566667;16.4;62.541667;34;7.8;2.2375;
2018-08-17;0;926.420833;14.625;24.9;20.570833;17.8;69.708333;45;6.9;2.179167;
2018-08-18;0;925.645833;13.5625;24.4;19.5375;16.7;69.875;46;7.8;2.833333;
2018-08-19;0;925.8875;13.854167;22.1;18.295833;16.1;76.083333;56;6.9;2.220833;
2018-08-20;0;925.829167;11.554167;28.5;18.995833;11.3;67.125;30;9.7;1.866667;
2018-08-21;0;925.483333;12.8375;28.6;21.05;15.8;63.041667;30;11.3;2.604167;
2018-08-22;0;924.804167;13.254167;28.2;20.708333;15.3;65.125;33;8.8;2.341667;
2018-08-23;0;923.004167;12.65;29.3;21.520833;16.4;61.083333;27;10.3;2.2;
2018-08-24;0;923.016667;12.195833;28.7;21.670833;16.6;58.375;27;10;2.541667;
2018-08-25;0;923.441667;12.704167;29.4;21.629167;16.6;60.541667;29;8;2.395833;
2018-08-26;0;923.545833;11.3625;29.9;20.8625;12.9;58.75;27;9.1;2.275;
2018-08-27;0;924.008333;11.85;26.9;19.9375;12.8;62.5;34;11.8;3.658333;
2018-08-28;0;925.379167;12.654167;27.5;19.791667;13.7;66.5;34;10.3;3.716667;
2018-08-29;0;925.425;11.191667;28.2;20.179167;15.2;60.625;28;10.9;3.266667;
2018-08-30;0;923.8;10.3875;27.8;18.8;12.4;62.625;29;9.4;2.55;
2018-08-31;0;922.358333;10.916667;27.5;19.975;12.6;59.25;31;9.2;2.316667;
2018-09-01;0;921.9;10.879167;29.4;21.195833;14.8;56.958333;26;9.8;2.3875;
2018-09-02;0;921.695833;11.441667;27.9;21.133333;16.9;57.666667;27;8.6;2.595833;
2018-09-03;0;920.004167;8.425;31.5;20.166667;9.9;53.666667;19;7.5;1.4125;
2018-09-04;0;916.666667;8.979167;33;22.85;12.5;46.333333;17;10.9;2.075;
2018-09-05;0;918.658333;11.779167;32.9;23.016667;12.9;54.083333;24;9.5;1.5375;
2018-09-06;0;922.9875;15.35;26.4;21.425;19.2;69.125;48;9.5;3.9;
2018-09-07;0;923.954167;13.075;26.1;19.729167;16.8;67.541667;38;9.5;3.2625;
2018-09-08;0;922.641667;10.195833;28.3;19.616667;13.4;59.416667;27;11.3;2.0875;
2018-09-09;0;922.491667;8.370833;28.2;19.258333;10.9;55;23;9.6;2.675;
2018-09-10;0;922.0125;9.725;28.8;19.866667;12.8;57.083333;26;9.3;2.058333;
2018-09-11;0;921.433333;9.283333;29.6;20.55;13.8;54.666667;21;6.9;1.875;
2018-09-12;0;921.570833;11.8375;29.4;20.5375;12.8;61.25;29;8;2.420833;
2018-09-13;0;922.2125;12.6375;26.3;20.195833;16.2;63.916667;39;11.7;3.3875;
2018-09-14;0;920.2875;11.466667;29.2;20.729167;14.2;60.291667;28;9.5;3.054167;
2018-09-15;0;919.175;13.15;29.9;21.9625;15.8;60.75;31;8.1;2.341667;
2018-09-16;0;918.241667;12.529167;33;24.116667;15.4;53.208333;24;7.3;1.404167;
2018-09-17;0;918.8;14.358333;32.8;24.179167;18.3;58.125;25;12.3;2.2;
2018-09-18;0;919.1625;14.245833;33.2;24.525;18.2;57.666667;25;8.3;2.104167;
2018-09-19;0;920.816667;14.495833;29.9;22.9;19;61.166667;33;6.6;2.416667;
2018-09-20;0;920.9375;12.233333;32.4;23.054167;15.8;56.75;21;11.3;2.254167;
2018-09-21;0;920.379167;13.2625;32.6;23.3375;15.7;57.5;26;7.7;2.229167;
2018-09-22;1.8;918.633333;12.975;33.1;24.204167;15.6;54.791667;23;7.6;1.808333;
2018-09-23;0;919.429167;13.795833;32.9;25.270833;20.5;52.625;24;12;3.2;
2018-09-24;0;919.9875;11.470833;32.4;24.220833;18.3;50.75;17;12.9;2.529167;
2018-09-25;0;919.720833;11.475;31.6;23.379167;16.7;52.291667;20;9.3;2.666667;
2018-09-26;0;919.854167;10.991667;31.3;22.979167;14.7;52.125;20;11.7;3.141667;
2018-09-27;0;919.745833;12.404167;31.5;23.391667;18;55.333333;23;9.3;2.670833;
2018-09-28;0;918.95;10.341667;34.1;24.2375;14.7;47.833333;18;8.3;1.754167;
2018-09-29;0;918.845833;8.675;34.2;24.741667;14.7;42.5;13;10.2;1.995833;
2018-09-30;0;919.441667;8.875;33;24.308333;17.3;44.958333;12;9.7;3.733333;
2018-10-01;0;919.608333;11.325;32.2;23.891667;16.4;50.375;23;10;3.291667;
2018-10-02;0;919.825;12.133333;32.2;23.958333;16.9;52.208333;24;9.6;2.833333;
2018-10-03;0;919.329167;13.391667;32.9;24.616667;17.2;54.333333;26;8;2.3375;
2018-10-04;0;918.895833;11.566667;34.8;25.779167;16.9;47.083333;15;9.9;2.033333;
2018-10-05;0;919.2375;14.379167;32.3;24.7125;18.9;56.25;29;11.6;2.820833;
2018-10-06;0;920.1125;14.15;31.5;23.470833;17.9;59.333333;28;12.8;3.916667;
2018-10-07;0;921.5125;12.3875;30.9;22.970833;16.9;56.125;23;12.7;3.425;
2018-10-08;0;920.870833;11.529167;31.9;22.583333;14.3;54.333333;24;10.7;2.404167;
2018-10-09;0;919.808333;11.4;33.8;24.5;17;51.125;15;8.9;2.7625;
2018-10-10;0;918.770833;6.833333;33.8;24.7125;14.4;38;11;10.3;2.808333;
2018-10-11;0;919.479167;8.875;33.4;24.775;14.7;42.166667;17;11.4;2.758333;
2018-10-12;0;920.920833;12.958333;31.2;23.733333;16;53.416667;29;14.8;3.254167;
2018-10-13;0;920.604167;13.654167;32.2;23.295833;15.7;59.291667;26;11.2;2.3625;
2018-10-14;0;917.366667;12.358333;35.6;25.908333;16.6;46.708333;21;7.9;1.8625;
2018-10-15;3;917.195833;17.395833;31;24.883333;19.8;65.875;36;9.6;1.654167;
2018-10-16;8.4;918.066667;17.395833;28.7;22.7875;18.5;73.291667;47;9.5;2.158333;
2018-10-17;0;919.070833;15.529167;32.5;24.279167;17.4;63.416667;29;9.3;1.9875;
2018-10-18;0;918.35;14.954167;32.9;25.691667;18.7;55.25;28;14.5;2.6;
2018-10-19;0;915.608333;14.8125;31.5;25.541667;18.8;53.875;31;7.6;1.008333;
2018-10-20;0;916.208333;17.991667;29.8;24.1125;20.6;69.458333;49;9.1;2.604167;
2018-10-21;10;919.929167;15.2;22.5;16.841667;15.4;90.208333;73;9;2.483333;
2018-10-22;18.8;921.75;15.5375;20.9;17.441667;15;88.958333;74;6.7;1.8875;
2018-10-23;.6;920.875;16.1375;27.4;21.170833;16.9;74.875;48;7.2;2.241667;
2018-10-24;0;919.741667;16.383333;32.3;23.575;16.6;67.541667;35;9.4;2.170833;
2018-10-25;.2;919.679167;17.495833;28.5;23.483333;19.9;70.375;48;7.4;1.6875;
2018-10-26;0;917.504167;17.729167;31.7;24.225;19.7;70.041667;34;10;1.291667;
2018-10-27;1.2;915.695833;17.5375;32.7;25.3375;19.4;66.25;32;10.2;1.729167;
2018-10-28;9.8;916.825;19.054167;28.7;23.2625;20.4;78.875;48;8;1.4125;
2018-10-29;.6;918.6875;18.491667;30.5;22.320833;19.4;80.625;45;9.2;2.258333;
2018-10-30;30.2;921.05;18.904167;27.3;21.5125;19.2;86.041667;59;7.1;2.133333;
2018-10-31;.2;920.6875;18.3875;30.2;23.404167;19.3;75.958333;42;7.9;2.216667;
2018-11-01;0;919.283333;17.9;31.7;24.375;20;69.791667;36;7.2;2.166667;
2018-11-02;0;917.541667;18.020833;32.5;23.345833;18.9;74.708333;37;12.7;1.720833;
2018-11-03;9;918.083333;17.633333;28.9;23.3;19.2;73.25;46;7.3;1.245833;
2018-11-04;0;917.2375;18.270833;28.2;22.745833;20.1;76.625;52;8;1.225;
2018-11-05;3;917.804167;19.15;30;21.875;19.3;85.958333;47;9.3;1.35;
2018-11-06;5.2;919.4875;17.25;24.9;20.408333;17.3;83.083333;61;9.9;2.408333;
2018-11-07;0;919.6375;17.279167;26.3;21.758333;18.5;76.708333;53;8.3;2.504167;
2018-11-08;0;919.2375;17.204167;29.4;22.8375;18.9;72.125;44;10.8;3.166667;
2018-11-09;.4;920.354167;17.270833;23.2;19.85;16.6;85.416667;69;9.7;2.991667;
2018-11-10;4.6;918.620833;17.875;23.6;19.879167;17.2;88.625;73;7.6;1.9125;
2018-11-11;59;918.070833;18.754167;23.3;19.795833;18.1;94.041667;78;6.3;1.470833;
2018-11-12;55.2;918.454167;18.533333;28.2;21.9875;18.7;82.5;52;8.7;2.0875;
2018-11-13;1.2;919.5;18.8875;26.7;21.954167;18.3;83.75;57;8.4;1.566667;
2018-11-14;36.2;919.008333;18.4125;27.7;21.908333;19;82;53;7.9;2.2625;
2018-11-15;0;917.95;18.091667;28.2;22.370833;19.3;78.083333;51;5.9;1.841667;
2018-11-16;0;919.058333;17.495833;28.9;22.9875;18.9;73.458333;42;7.3;2.345833;
2018-11-17;0;920.641667;17.404167;26.9;22.270833;18.6;75.083333;54;9.2;2.875;
2018-11-18;0;921.220833;15.766667;29.6;22.95;17.7;66.708333;34;11.2;3.245833;
2018-11-19;0;919.816667;14.841667;30;22.6625;17.6;64.791667;32;9;2.020833;
2018-11-20;0;920.0875;15.783333;29.2;21.975;15.9;69.875;45;9.4;2.166667;
2018-11-21;0;920.733333;16.008333;29.6;23.033333;18.7;66.791667;37;10.2;2.9875;
2018-11-22;0;920.8875;16.529167;28.8;22.991667;19;68.875;43;11.4;3.583333;
2018-11-23;1.8;919.920833;15.6;29.3;22.7875;17.7;66.375;39;10.1;3.770833;
2018-11-24;0;919.658333;15.179167;29;22.241667;16.9;66.5;38;9.2;2.845833;
2018-11-25;0;919.8875;17.245833;23.1;20.270833;18.7;83.083333;62;5.7;1.820833;
2018-11-26;7.4;919.7625;17.033333;26.4;20.829167;18;81.041667;47;8.7;2.05;
2018-11-27;4;920.429167;16.5;24.2;19.654167;16.8;83.041667;60;9.7;2.641667;
2018-11-28;.6;920.0125;16.3875;25.9;20.525;17.3;78.541667;54;8.7;2.625;
2018-11-29;0;919.325;16.241667;28.2;21.675;17.7;73.458333;42;7.7;2.325;
2018-11-30;0;917.1875;16.825;29.7;22.633333;18.9;71.708333;42;8.4;2.170833;
2018-12-01;0;916.083333;17.991667;28.6;23.05;18.3;74.416667;54;11;2.416667;
2018-12-02;12.2;916.0375;19.391667;27.8;22.408333;19.6;84.083333;56;12.4;2.2625;
2018-12-03;26.6;915.058333;19.954167;24.7;21.433333;19.8;91.625;75;9.9;1.541667;
2018-12-04;52.6;914.766667;18.95;20.8;19.670833;19.2;95.666667;90;5.9;.6375;
2018-12-05;33.6;915.958333;19.045833;29.1;22.475;18.2;82.791667;53;8.8;.916667;
2018-12-06;5;918.133333;19.8875;29.4;23.525;19.6;81.5;53;10.2;1.35;
2018-12-07;0;919.629167;19.054167;28;22.733333;18.5;80.833333;55;7;1.0875;
2018-12-08;2.6;919.008333;18.8625;27.5;21.554167;18.4;85.5;57;10.2;2.375;
2018-12-09;34.8;923.7875;17.183333;20.2;18.154167;16.5;94.041667;87;7.5;2.325;
2018-12-10;8;926.175;16.85;20;17.9125;16.6;93.666667;83;6.4;1.925;
2018-12-11;.8;924.845833;17.366667;26.1;21.025;17.3;81;54;7.5;1.845833;
2018-12-12;0;923.504167;16.55;28.6;22.375;19.2;72.375;38;9.7;2.2375;
2018-12-13;0;921.979167;14.545833;29.3;22.191667;17.3;66.75;29;9.4;2.345833;
2018-12-14;0;922;14.925;30.5;22.320833;14.5;66.958333;33;7.4;1.6375;
2018-12-15;0;923.125;16.341667;30.4;23.141667;18.1;68.791667;36;7.9;1.945833;
2018-12-16;0;923.3625;16.091667;29.8;22.7625;18.7;68.541667;39;7.9;2.408333;
2018-12-17;4;922.4875;17.025;29;22.866667;18.8;71.958333;41;8.3;2.570833;
2018-12-18;0;922.2625;15.570833;30;21.9625;15.3;70.625;33;6.5;1.208333;
2018-12-19;0;920.316667;14.904167;32;23.7125;15.5;63;27;5.9;1.1375;
2018-12-20;0;919.104167;15.445833;32.2;24.204167;16.4;61.958333;31;6.6;1.5625;
2018-12-21;0;918.316667;14.170833;32.9;24.295833;15.3;58.416667;20;6.9;1.066667;
2018-12-22;0;917.979167;16.333333;33;25.075;17.1;62.583333;30;6.9;1.7375;
2018-12-23;0;918.179167;17.016667;29.8;22.329167;17;73.5;45;10.4;1.291667;
2018-12-24;.6;918.2;17.3125;31.8;22.041667;16.8;76.666667;37;11.3;1.483333;
2018-12-25;.6;918.341667;18.441667;29.1;22.220833;17.9;80.333333;50;9.3;1.041667;
2018-12-26;16.4;918.1875;19.1875;28.1;22.675;18.9;81.666667;55;9.8;1.316667;
2018-12-27;0;917.370833;19.65;28.1;22.1;18.8;86.833333;58;9.1;1.029167;
2018-12-28;9;918.220833;19.491667;24;20.483333;19;94.125;81;13.2;.758333;
2018-12-29;20.2;917.954167;18.966667;27.2;21.645833;17.8;85.666667;60;5.9;.75;
2018-12-30;1.2;918.504167;18.570833;26.2;21.158333;17.5;86;58;7.2;.9625;
2018-12-31;.2;918.745833;18.783333;28.3;21.020833;18.7;88.208333;55;15.9;.925;
2019-01-01;26.6;921.141667;17.033333;29.4;21.566667;16;78.375;40;6.9;1.454167;
2019-01-02;0;921.820833;16.95;30.5;23.629167;19;69.416667;35;8.3;2.291667;
2019-01-03;0;920.658333;15.675;31.4;23.404167;16;65.833333;26;7.4;1.766667;
2019-01-04;0;920.270833;14.966667;31.2;22.758333;15.3;64.625;28;7.6;1.3625;
2019-01-05;0;919.904167;14.866667;32.4;23.254167;15.3;63.75;25;6.2;.979167;
2019-01-06;0;920.775;16.620833;30.6;20.554167;15.6;79.666667;41;16.2;.966667;
2019-01-07;3.8;921.170833;16.583333;29.3;21.7125;15.9;75.708333;42;8.4;1.916667;
2019-01-08;0;921.254167;16;29.3;22.3125;17.7;70.583333;38;9.8;2.983333;
2019-01-09;0;920.216667;16.220833;28.2;21.429167;16.1;73.75;47;10.7;2.920833;
2019-01-10;0;920.408333;16.808333;29;22.858333;17.4;70.458333;45;8.9;2.291667;
2019-01-11;0;920.983333;17.825;30.5;23.625;19;71.833333;44;7.6;1.4625;
2019-01-12;0;920.483333;16.933333;30.7;23.05;18.1;70.541667;42;8.1;2.029167;
2019-01-13;0;920.675;15.295833;30.3;22.808333;16.7;66.125;30;8.7;2.291667;
2019-01-14;0;921.025;17.141667;30.2;22.791667;17.9;72.666667;41;9.6;2.7;
2019-01-15;0;921.654167;17.529167;31.1;24.120833;20.7;68.458333;40;8.8;2.145833;
2019-01-16;0;921.875;17.520833;32.4;24.608333;19.5;67.75;35;8.8;1.908333;
2019-01-17;0;920.979167;16.120833;31.3;23.7125;17.1;65.583333;33;8.6;2.179167;
2019-01-18;0;920.445833;15.7;31.2;23.520833;18.1;64.916667;33;9.1;2.158333;
2019-01-19;0;919.8;14.566667;31.5;23.5875;15.7;60.583333;30;9.4;2.608333;
2019-01-20;0;920.5125;14.158333;32.1;24.033333;16.6;58.708333;25;8.7;1.479167;
2019-01-21;0;921.295833;14.995833;31.4;23.166667;16.6;64.333333;31;8.4;2.445833;
2019-01-22;0;921.075;15.304167;31.4;23.291667;16.5;63.875;34;9;2.525;
2019-01-23;0;920.704167;13.716667;32.3;24.229167;17;56.916667;23;8.8;2.529167;
2019-01-24;0;920.475;15.2125;32.2;23.904167;17.8;61.75;30;9.2;2.4625;
2019-01-25;0;920.125;15.8125;31;24.275;19.5;62.041667;32;9.8;2.479167;
2019-01-26;0;920.7125;15.675;31.1;23.995833;18.5;63;31;13.6;2.783333;
2019-01-27;0;921.475;15.370833;31.2;23.920833;18.1;61.833333;33;11;3.745833;
2019-01-28;0;922.358333;17.091667;30.5;22.925;17.9;71.541667;42;15.9;2.5125;
2019-01-29;1.4;922.191667;16.2875;31.7;23.0375;17.4;69;32;16;3.441667;
2019-01-30;4.8;921.133333;15.391667;31.1;22.683333;17.3;68.416667;31;10.2;2.65;
2019-01-31;0;920.175;14.175;32.1;23.575;17.5;60.5;26;9.3;2.570833;
2019-02-01;0;920.116667;14.175;32.2;24.0125;17.5;59;27;9.6;2.595833;
2019-02-02;0;920.270833;14.395833;32.3;23.895833;16.8;60.083333;24;10.2;2.4375;
2019-02-03;0;918.704167;14.85;33.1;24.7625;18.1;58.625;26;6.4;1.508333;
2019-02-04;0;917.479167;15.366667;35.1;25.479167;18;58.666667;24;6.8;1.429167;
2019-02-05;0;918.3625;17.841667;32.4;24.183333;20.2;69.708333;36;9;2.183333;
2019-02-06;0;918.745833;18.1875;28.3;23.45;19.8;73.75;50;5.9;1.625;
2019-02-07;5.4;918.025;19.691667;30;22.320833;20.1;86.166667;49;8.9;1.5875;
2019-02-08;2;917.475;19.25;31.6;23.891667;19.8;78;43;6.3;1.441667;
2019-02-09;2.2;917.9625;18.1875;31.3;24.533333;19.5;69.583333;40;7.4;2.095833;
2019-02-10;0;918.858333;17.375;29.7;24.020833;20.1;68.083333;44;8.4;2.308333;
2019-02-11;0;920.4125;13.216667;32.1;24.0625;17.1;56.041667;22;10.9;2.741667;
2019-02-12;0;919.845833;13.183333;32;23.591667;16.7;57.041667;23;8;1.729167;
2019-02-13;0;918.175;12.195833;34.3;24.491667;15;52.583333;17;11.1;1.258333;
2019-02-14;0;918.870833;15.695833;34.3;25.333333;18.3;58.25;29;13.2;2.208333;
2019-02-15;2.4;919.1875;19.55;28.1;23.091667;20.3;81.5;56;9.6;1.7875;
2019-02-16;1.4;917.279167;18.079167;30.8;24.433333;19.1;70.25;42;8.2;1.516667;
2019-02-17;16;918.841667;19.7;26.1;22.0625;19.1;86.958333;66;11.5;1.575;
2019-02-18;.8;920.466667;19.7875;28.1;22.470833;20.3;85.541667;59;7.1;1.2;
2019-02-19;15.2;919.9;18.591667;32;23.354167;18.3;77.291667;39;12.6;.741667;
2019-02-20;0;918.35;19.341667;32;24.479167;19;75.625;44;6.9;1.041667;
2019-02-21;0;919.145833;16.991667;33.6;25.795833;19.2;62.875;28;11.2;1.716667;
2019-02-22;0;920.695833;18.104167;31.9;24.491667;18.6;69.958333;39;10;2.7125;
2019-02-23;0;919.833333;18.2625;32.7;25.5125;19.3;68.125;34;9.6;1.704167;
2019-02-24;0;918.104167;17.816667;33;25.491667;20;65.833333;32;6.7;1.904167;
2019-02-25;0;917.354167;16.125;34.6;26.133333;18;59.458333;23;6.6;1.391667;
2019-02-26;0;917.808333;17.841667;32.7;24.9875;18.2;66.541667;38;8.5;1.458333;
2019-02-27;5.4;919.358333;18.683333;29.2;23.729167;18.4;74.833333;48;10.3;1.654167;
2019-02-28;0;919.679167;19.279167;31;23.295833;19.2;79.625;45;12.6;1.2;
2019-03-01;10.8;920.5625;18.854167;30.4;22.641667;17.9;81.5;45;7.6;1.25;
2019-03-02;0;920.791667;17.620833;28.8;23.020833;18.4;73.791667;46;6.4;1.4625;
2019-03-03;0;919.891667;15.666667;31.5;23.2625;17.3;66.5;31;11.1;2.05;
2019-03-04;0;920.4625;15.820833;31.9;24.266667;18.9;63.041667;30;7.9;2.470833;
2019-03-05;0;921.633333;17.266667;30.9;23.3375;18.8;70.541667;38;11.6;2.241667;
2019-03-06;2.4;922.033333;17.345833;30.8;23.766667;19.6;70.25;37;9.1;2.633333;
2019-03-07;0;922.016667;17.054167;31.9;24.425;19.5;66.708333;34;9.6;2.25;
2019-03-08;0;920.9375;17.15;32.7;25.108333;20.2;64.958333;31;7.4;1.966667;
2019-03-09;0;919.766667;17.283333;31.5;24.525;19.6;66.458333;34;7.3;2.033333;
2019-03-10;.2;918.745833;17.875;32.6;25.379167;20.1;66.333333;33;7.9;1.925;
2019-03-11;0;918.470833;14.775;32.5;24.995833;18.7;56.416667;28;8.3;1.954167;
2019-03-12;0;919.2125;15.425;32.8;24.908333;18.1;59.75;25;8.6;2.154167;
2019-03-13;0;919.495833;15.179167;34;24.925;17.3;59.083333;26;6.5;1.416667;
2019-03-14;0;919.0375;16.133333;34.1;25.925;18.3;58.916667;29;5.8;1.091667;
2019-03-15;0;918.116667;16.375;34.8;26.008333;18.4;58.208333;30;8.7;1.770833;
2019-03-16;0;917.970833;17.1875;33.9;26.2125;19.9;61.791667;30;8.8;1.6375;
2019-03-17;0;918.516667;13.2125;34.1;25.695833;17.7;49.666667;25;7.3;1.379167;
2019-03-18;0;917.645833;15.654167;34.7;26.045833;18.1;56.666667;27;8.6;1.316667;
2019-03-19;0;915.729167;17.233333;35.9;27.070833;19.8;59.041667;28;12.5;.970833;
2019-03-20;20.2;915.95;20.095833;28.2;23.158333;20.3;83.875;53;6;1.241667;
2019-03-21;0;916.225;20.05;25.3;22.445833;20.5;86.708333;71;7.3;.720833;
2019-03-22;.2;917.904167;20.558333;24.4;22.083333;20.8;91.333333;79;7.4;1.033333;
2019-03-23;4.8;919.85;18.491667;25.8;21.616667;19.5;83.041667;63;8.4;2.9875;
2019-03-24;0;919.820833;19.220833;25.4;21.266667;19.6;88.5;68;6.9;1.3875;
2019-03-25;6.2;918.979167;18.770833;28.9;23.15;19.7;78.541667;49;8.7;1.866667;
2019-03-26;.2;919.754167;19.983333;25.7;21.85;20.3;89.416667;67;8.1;1.391667;
2019-03-27;27.8;921.558333;18.695833;29.5;22.733333;19;79.958333;45;7.6;1.995833;
2019-03-28;.6;922.683333;18.041667;27.2;22.058333;18.6;79.125;55;8.7;2.45;
2019-03-29;0;922.479167;17.808333;26.2;21.3;17.8;81.333333;61;8;2.066667;
2019-03-30;3.8;922.0125;17.291667;27.2;21.6875;17.8;77.791667;51;7.8;2.279167;
2019-03-31;0;920.579167;17.145833;27.6;21.029167;17;79.708333;51;7;.791667;
2019-04-01;0;919.966667;16.4375;27.9;21.204167;16.7;76.375;46;5.7;1.025;
2019-04-02;0;919.804167;15.7;29.8;21.2;14.4;73.75;39;6.2;.808333;
2019-04-03;0;918.933333;16.683333;30.3;22.9;17.2;70.458333;40;6.2;1.266667;
2019-04-04;0;917.683333;17.1125;31.6;24.304167;17.5;66.541667;34;7.8;1.679167;
2019-04-05;0;918.929167;17.6625;31.1;23.879167;17.1;70.458333;40;6.8;1.079167;
2019-04-06;0;920.308333;17.370833;31.8;23.741667;18;70.166667;35;5.8;1.345833;
2019-04-07;0;921.3875;17.820833;30.7;22.333333;18.3;77.75;39;10.7;1.241667;
2019-04-08;7.2;920.208333;18.133333;30.1;22.645833;17.1;77.958333;45;7.8;.920833;
2019-04-09;0;918.854167;19.208333;31.3;23.433333;19.3;78.958333;44;8.4;1.316667;
2019-04-10;21.4;918.4125;19.933333;29.5;22.654167;19.9;85.791667;54;11.4;.754167;
2019-04-11;38.8;919.6375;19.341667;26.2;21.275;18.5;89.5;64;6.5;1.079167;
2019-04-12;.6;919.920833;18.825;28.5;22.491667;18.3;81.5;52;5.8;1.658333;
2019-04-13;7.2;920.1125;20.1375;27.2;22.691667;19.8;86.208333;63;8.8;1.991667;
2019-04-14;0;920.195833;19.35;29.1;22.9625;19.5;81.958333;49;7.3;1.470833;
2019-04-15;0;920.654167;19.554167;29.2;23.208333;19.8;81.333333;49;8.1;1.508333;
2019-04-16;0;920.675;18.441667;28.5;23.016667;19.7;77.166667;49;7.8;1.754167;
2019-04-17;0;919.0875;18.516667;29.8;23.154167;19.8;76.916667;47;6.7;1.370833;
2019-04-18;0;917.9625;18.0875;31.6;23.608333;17.3;74.5;39;9;1.2625;
2019-04-19;0;918.491667;18.829167;31.8;24.158333;19.3;74.416667;41;6.2;1.116667;
2019-04-20;0;919.454167;19.65;30.4;23.545833;20.3;80.333333;48;6.9;1.245833;
2019-04-21;0;919.1625;18.620833;30;23.275;18.5;77.333333;45;7.9;.654167;
2019-04-22;0;919.4625;18.070833;30.1;23.2625;18.7;74.833333;44;6.8;.616667;
2019-04-23;0;921.191667;18.216667;29;22.970833;19.9;76.208333;49;8.8;1.266667;
2019-04-24;0;922.375;16.7125;28.9;21.141667;16.5;77.583333;46;7.5;1.695833;
2019-04-25;0;922.475;17.104167;27.6;21.154167;16.3;79.125;51;8.1;1.175;
2019-04-26;.8;922.35;17.908333;27.4;21.716667;17.9;80.458333;53;7.5;1.716667;
2019-04-27;.6;921.404167;18.220833;28.5;22.004167;18.8;81.041667;49;5.1;1.004167;
2019-04-28;1.8;919.604167;17.7625;30.7;23.270833;18.9;74.541667;35;5;1.120833;
2019-04-29;0;918.133333;15.45;32.4;23.35;15.7;66;30;7.3;1.116667;
2019-04-30;0;919.6625;16.945833;31;22.454167;15.6;73.458333;43;7;1.270833;
2019-05-01;0;920.925;18.420833;28;22.691667;19.8;78.208333;53;6.8;1.679167;
2019-05-02;0;920.045833;18.158333;28.7;22.679167;18.8;77.208333;49;8.2;1.558333;
2019-05-03;0;920.533333;18.541667;30.2;23.095833;18.9;77.041667;47;7.8;1.504167;
2019-05-04;1.2;921.470833;19.15;26.8;22.283333;20.4;83.291667;61;6.7;1.9;
2019-05-05;0;921.683333;15.891667;29;22.308333;17.9;70.458333;36;9.5;1.908333;
2019-05-06;0;922.166667;16.391667;28.8;21.483333;15.6;74.625;44;6.7;1.358333;
2019-05-07;0;920.395833;16.595833;29.5;21.525;15.4;76.083333;42;5.9;1;
2019-05-08;0;920.554167;16.670833;30;22.075;15.3;73.875;41;6.1;1.266667;
2019-05-09;0;920.9875;17.745833;26.8;21.679167;19;79.333333;54;7.6;2.091667;
2019-05-10;0;920.158333;16.5;27.9;21.091667;17.5;76.708333;49;8.5;1.820833;
2019-05-11;.6;920.179167;16.1625;26;19.875;15;80.958333;51;6.8;1.2375;
2019-05-12;0;921.2125;15.7875;28.8;20.245833;15.2;77.916667;43;7;1.325;
2019-05-13;0;921.3625;16.7875;29.5;21.7;17.2;76.25;42;6.2;1.204167;
2019-05-14;0;920.5625;16.208333;29.8;22.133333;15.8;72.166667;38;8.7;1.366667;
2019-05-15;0;919.379167;15.579167;29.3;21.408333;14.8;72.208333;40;6.4;1.170833;
2019-05-16;0;920.625;17.141667;26.7;20.5375;17;82.041667;55;7.5;1.475;
2019-05-17;22.6;920.979167;17.829167;22.3;19.666667;18;89.5;75;5.8;1.741667;
2019-05-18;.2;920.754167;17.6375;25.4;20.416667;18.3;84.833333;61;4.9;1.358333;
2019-05-19;0;920.875;16.883333;26.8;20.495833;16.3;81.333333;54;5.7;1.041667;
2019-05-20;0;920.729167;16.370833;28.6;21.083333;15.4;77;45;6.5;1.316667;
2019-05-21;0;920.654167;17.1;29.6;22.2;17.4;75.083333;44;7;1.679167;
2019-05-22;0;920.754167;16.520833;28.8;21.483333;16.7;75.875;41;6.9;1.091667;
2019-05-23;0;920.225;14.975;30.3;21.733333;15;69.833333;31;6.7;.370833;
2019-05-24;0;919.7125;15.541667;30;21.65;14.6;70.833333;37;10;.666667;
2019-05-25;0;919.383333;15.729167;31;21.8875;14.5;71.416667;36;7.8;.7375;
2019-05-26;0;920.120833;15.416667;30.9;22.2;15.3;69.25;32;7;1.345833;
2019-05-27;0;921.870833;16;28.1;21.133333;16.7;74.083333;42;9.2;1.320833;
2019-05-28;0;921.529167;16.1875;28.1;20.85;16.3;76.416667;45;8.8;1.670833;
2019-05-29;0;921.808333;15.766667;29.8;21.8125;16.6;71.5;34;5.9;1.170833;
2019-05-30;0;921.208333;15.583333;28.6;21.808333;16.3;70.375;39;6.7;1.445833;
2019-05-31;0;920.6125;15.3875;29.3;21.391667;15.5;71.708333;35;7.8;1.025;
2019-06-01;0;919.95;13.829167;29.8;21.0625;13.1;67.208333;33;8.5;.725;
2019-06-02;0;920.533333;13.508333;30.1;21.804167;15.3;63.083333;30;8.9;1.175;
2019-06-03;0;922.604167;12.795833;29.4;20.733333;14.2;64.333333;28;6.9;1.075;
2019-06-04;0;922.554167;12.729167;29.8;20;11.4;66.791667;32;5.3;.8;
2019-06-05;0;923.829167;15.154167;24;19.4;16.6;76.916667;60;7.1;2.029167;
2019-06-06;0;924.583333;12.4375;24.1;17.220833;12.6;75.25;48;8.6;2.0625;
2019-06-07;0;924.375;10.366667;25.2;16.454167;9.5;70.708333;35;7.8;1.9;
2019-06-08;0;923.65;10.566667;27.4;16.7;6.8;70.666667;33;6.8;.408333;
2019-06-09;0;924.4125;12.325;26.7;18.458333;13.3;71.583333;33;3.9;.004167;
2019-06-10;0;925.179167;12.758333;25.5;17.8125;10.4;73.833333;46;7;.108333;
2019-06-11;.4;924.3;15.291667;26.2;19.829167;14.8;77.25;47;4.8;.016667;
2019-06-12;0;924.345833;15.808333;27.1;20.0375;17.3;77.75;48;8.9;.558333;
2019-06-13;.2;925.208333;14.954167;27;20.075;15.2;74.5;48;9.6;2.829167;
2019-06-14;0;925.575;15.941667;23.7;18.975;13.9;83.25;60;9.5;2.45;
2019-06-15;.2;925.1625;13.775;26.6;19.845833;14.5;71.333333;37;12.5;2.908333;
2019-06-16;.2;925.4875;13.291667;27.1;20.270833;16.3;68.291667;32;11;2.304167;
2019-06-17;0;924.766667;14.4375;25.8;19.241667;13.8;75.25;48;7.8;2.133333;
2019-06-18;0;924.575;15.204167;24.6;19.420833;17.1;77.833333;54;7.7;2.35;
2019-06-19;0;924.433333;13.020833;27.3;19.4125;14;70.083333;37;6.7;1.395833;
2019-06-20;0;924.733333;12.741667;27.3;19.654167;14.2;67.375;33;6.5;1.4875;
2019-06-21;0;926.733333;11.220833;26.6;18.179167;11.7;67.458333;33;12;2.754167;
2019-06-22;0;928;13.233333;24.5;17.95;11.6;75.416667;51;9.5;2.433333;
2019-06-23;0;925.966667;15.375;24.4;19.004167;16.7;80.041667;58;7.8;2.875;
2019-06-24;0;923.104167;15.616667;25.3;19.675;15.5;78.416667;55;7.1;1.716667;
2019-06-25;0;922.070833;12.3;27.9;19.220833;12.8;70.083333;26;6.8;1.3375;
2019-06-26;0;922.770833;11.883333;29.1;19.083333;10.9;66.375;33;7.6;1.329167;
2019-06-27;0;923.954167;13.883333;27.8;19.95;13.9;71.375;34;9.6;2.3875;
2019-06-28;0;924.204167;13.4625;27;17.8;8.9;77.75;47;10.2;2.191667;
2019-06-29;3.2;923.929167;14.754167;25.7;19.066667;16;78.625;39;9.7;3;
2019-06-30;.2;923.475;13.983333;25.3;17.7875;10.8;80.291667;51;7.5;1.5625;
2019-07-01;0;922.183333;12.383333;27.3;18.941667;13.5;70.5;30;7.5;1.154167;
2019-07-02;0;919.1875;9.604167;29;18.441667;8;62.833333;21;11.1;1.570833;
2019-07-03;0;918.633333;12.033333;29.5;19.429167;11.3;67.666667;28;6.7;.875;
2019-07-04;0;919.1375;10.55;31.6;20.233333;10.6;60.291667;22;8.2;.991667;
2019-07-05;0;920.570833;10.291667;32.1;20.7125;11.4;57.666667;20;10.1;1.304167;
2019-07-06;0;921.108333;11.920833;29.7;19.6625;10.5;64.333333;33;5.5;.945833;
2019-07-07;0;923.354167;15.6125;24.5;19.85;16.5;77.541667;57;8.6;2.854167;
2019-07-08;0;926.854167;11.208333;24;17.479167;13.7;68.458333;42;8.7;3.308333;
2019-07-09;0;927.120833;9.691667;22;14.8125;8.9;73.666667;39;8.6;2.016667;
2019-07-10;0;925.9125;8.320833;24.7;15.145833;6.8;68.041667;32;7;1.533333;
2019-07-11;0;923.4625;10.391667;26.5;16.245833;8.6;72.208333;34;9;1.375;
2019-07-12;0;922.9;11.383333;26.2;17.7375;10.6;70.041667;34;7;1.354167;
2019-07-13;0;923.141667;10.2625;27.1;16.820833;9.1;69.5;32;4.4;.683333;
2019-07-14;0;922.125;7.933333;28;17.129167;7.9;61.25;19;8.4;.7625;
2019-07-15;0;921.358333;6.1625;29.2;17.804167;7.2;54.5;17;6.9;.9875;
2019-07-16;0;921.020833;6.6625;29.8;18.341667;8;53.083333;18;7;.729167;
2019-07-17;0;923.041667;10.370833;28.1;18.008333;8.1;63.791667;33;9.7;2.066667;
2019-07-18;0;926.791667;11.2625;21.5;16.491667;12.5;71.958333;52;8.8;3.333333;
2019-07-19;0;927.279167;9.858333;23.7;14.895833;7.3;74.666667;43;10.6;2.475;
2019-07-20;0;926.504167;11.358333;23.6;16.995833;12;71.625;38;9.7;3.441667;
2019-07-21;.2;925.683333;12.420833;24.6;17.545833;14.7;74.75;38;9.8;2.783333;
2019-07-22;.2;925.679167;12.779167;25;18.195833;12.3;73.916667;41;11.3;2.9;
2019-07-23;1;925.158333;15.929167;21.6;17.645833;14.1;90;71;8.4;2.795833;
2019-07-24;3.8;924.554167;13.166667;25.9;19.1625;15.4;72.583333;33;8.5;2.945833;
2019-07-25;.2;924.966667;14.641667;24.6;19.070833;16.3;76.583333;53;8.6;2.466667;
2019-07-26;.2;926.258333;10.704167;26.1;18.3625;11.6;66.833333;21;11.1;3.266667;
2019-07-27;0;926.4;13.225;24.5;17.525;12.7;78.083333;45;11.1;2.766667;
2019-07-28;3.2;924.995833;14.3;25.6;18.75;13;78.125;42;8.8;2.545833;
2019-07-29;0;924.704167;13.145833;26.3;17.895833;11.4;76.083333;43;9.4;2.129167;
2019-07-30;0;924.35;12.6;26.8;19.125;13.3;69.166667;35;7.4;2.229167;
2019-07-31;0;922.495833;10.029167;29.4;19.279167;10.7;60.875;24;7.9;1.25;
2019-08-01;0;922.175;10.908333;27.8;18.908333;11.7;63.416667;28;8.3;1.7625;
2019-08-02;0;922.908333;10.533333;28.5;19.391667;12;62.666667;24;8.2;1.466667;
2019-08-03;0;922.645833;10.958333;29.2;20.366667;13;60.333333;21;9.1;1.904167;
2019-08-04;0;924.7;12.083333;26.9;19.870833;14.1;64.083333;32;9.5;2.65;
2019-08-05;.2;928.241667;14.670833;21.1;17.779167;15.2;82.416667;59;12.2;4.041667;
2019-08-06;4.2;928.454167;14.695833;24.5;18.170833;15.6;81.75;50;12.1;3.933333;
2019-08-07;.2;927.9125;14.366667;26.6;19.008333;13.7;77.25;44;9.8;2.479167;
2019-08-08;.4;927.2125;16.379167;24.2;18.225;14.9;89.708333;66;8.7;2.3625;
2019-08-09;2.6;926.241667;16.245833;26.3;19.654167;16.6;82.5;52;9.9;2.658333;
2019-08-10;0;926.283333;15.433333;27.2;20.079167;16.5;76.875;41;7.6;2.279167;
2019-08-11;0;925.6375;12.233333;29.1;19.970833;13.8;66.458333;26;9.3;2.320833;
2019-08-12;0;924.533333;12.725;27.1;19.15;13.1;69.541667;34;9.2;2.229167;
2019-08-13;0;923.741667;12.208333;26.7;19.729167;15.5;65.916667;31;8.3;2.354167;
2019-08-14;0;924.554167;10.895833;26.8;17.729167;9.3;66.875;37;10.1;2.733333;
2019-08-15;0;927.804167;13.175;18.8;16.795833;15;79.416667;68;10.6;3.908333;
2019-08-16;0;927.608333;11.65;22;16.254167;12.7;75.083333;51;10.2;3.779167;
2019-08-17;0;925.5625;11.504167;22.8;16.145833;9.8;75.625;53;8;2.395833;
2019-08-18;0;923.95;12.7125;26;19.991667;15.6;66.125;34;7.9;1.495833;
2019-08-19;0;922.279167;10.979167;30.1;20.654167;12;61;23;10.1;1.641667;
2019-08-20;0;922.991667;9.583333;30.1;20.116667;10.8;56.791667;23;8.8;1.858333;
2019-08-21;0;923.454167;13.333333;30;20.354167;13.3;67.833333;33;7.7;1.775;
2019-08-22;0;924.091667;14.091667;29.2;20.716667;15;68.708333;36;9.3;2.354167;
2019-08-23;0;924.241667;12.883333;28.6;20.433333;15.2;65.625;31;9.5;2.558333;
2019-08-24;0;923.791667;13.5375;26.9;19.729167;14.5;69.75;41;7.5;2.341667;
2019-08-25;0;925.679167;13.4;26.5;20;14.2;68;39;9;2.779167;
2019-08-26;1;926.1875;14.395833;24.7;18.616667;15.8;77.833333;50;8.7;3.270833;
2019-08-27;2.2;926.025;15.0375;24.3;18.333333;15.3;82.708333;53;9.7;2.9875;
2019-08-28;.2;924.95;12.791667;25.6;19.029167;15.6;69.958333;38;7.4;2.4125;
2019-08-29;0;924.0875;10.741667;26.6;18.216667;11.8;65.416667;33;9.4;1.975;
2019-08-30;0;923.591667;11.666667;28.3;19.595833;14;64.291667;24;8.3;1.875;
2019-08-31;0;922.8375;11.508333;29.4;20.895833;13.8;60;25;7.7;1.970833;
2019-09-01;0;920.870833;10.1375;30.2;20.695833;11.2;55.166667;25;8.6;1.7;
2019-09-02;0;920.475;11.779167;30.3;20.895833;12.3;60.5;28;8.4;2.229167;
2019-09-03;0;921.891667;12.283333;31.1;21.675;14.5;60.125;25;12.6;3.025;
2019-09-04;0;923.320833;11.7375;30.7;21.158333;13.9;60.708333;25;9.8;3.445833;
2019-09-05;0;924.1125;11.816667;30.4;21.204167;13.1;60.416667;26;10.7;3.0375;
2019-09-06;0;925.341667;14.35;27.5;20.270833;14.7;71.083333;42;12.3;4.4;
2019-09-07;.6;926.445833;15.770833;23.4;19.254167;16.6;81.375;61;9;3.316667;
2019-09-08;0;926.816667;14.420833;24.9;19.529167;16.6;73.916667;50;8.6;2.641667;
2019-09-09;0;925.241667;13.154167;28.8;19.95;13.6;69.125;31;7.3;1.908333;
2019-09-10;0;923.579167;13.316667;30.6;21.8;15.8;63.416667;26;8.4;2.1375;
2019-09-11;0;921.783333;11.4375;31.6;21.625;13.1;58.708333;21;9.1;2.529167;
2019-09-12;0;921.116667;8.5625;32.7;21.7;11;51.125;14;9.8;1.6375;
2019-09-13;0;920.658333;9.7625;33.9;22.625;12.3;53.083333;12;11.3;2.191667;
2019-09-14;0;922.025;12.625;29.4;21.375;14.7;60.875;32;11.8;3.5875;
2019-09-15;0;922.5125;12.608333;29.4;20.629167;13.9;64.125;30;9.7;3.204167;
2019-09-16;0;922.225;11.495833;30.7;21.795833;15;58.458333;19;11;3.5375;
2019-09-17;0;921.033333;10.454167;30;21.216667;14.9;57;20;9;2.658333;
2019-09-18;0;918.908333;10.095833;32.1;22.625;13.1;51.208333;18;8.4;1.85;
2019-09-19;0;918.7;10.9625;33.8;23.470833;13.2;51.75;14;8.8;1.958333;
2019-09-20;0;920.179167;13.1875;33;23.920833;17.3;56;23;9.5;2.616667;
2019-09-21;0;919.908333;11.629167;33.2;23.116667;15.5;53.583333;17;11.4;2.783333;
2019-09-22;0;920.966667;11.054167;30.6;22.1;15.4;55.791667;18;9.5;3.1625;
2019-09-23;0;923.683333;13.516667;27.3;20.129167;13.7;67.958333;41;14.9;3.858333;
2019-09-24;0;925.729167;12.608333;24.3;18.6375;12.8;68.791667;50;10.8;3.8;
2019-09-25;0;922.854167;12.8375;30.4;21.308333;14;63.458333;28;11.3;3.379167;
2019-09-26;0;921.183333;12.725;31.4;23.183333;17.5;57.083333;24;10.3;2.991667;
2019-09-27;0;919.591667;14.05;32.5;23.958333;16.3;59.25;26;10;2.045833;
2019-09-28;2;920.529167;17.1125;27.6;22.033333;18.4;75.083333;44;8.3;2.554167;
2019-09-29;0;920.229167;17.529167;24.4;20.695833;19.1;82.291667;65;6.4;1.854167;
2019-09-30;1.4;919.225;16.566667;31.3;22.633333;16.6;72.041667;39;9.2;1.504167;
2019-10-01;0;919.65;14.791667;30.5;23.383333;18.9;62.75;24;8.9;3.158333;
2019-10-02;0;920.266667;11.395833;29.7;21.4;14.9;57.916667;21;10.4;2.504167;
2019-10-03;0;920.241667;12.725;32;22.783333;17.8;57.375;21;9.9;2.95;
2019-10-04;0;920.933333;14.779167;29.9;22.879167;17.8;62.708333;32;12.1;4.0125;
2019-10-05;0;920.225;13.979167;30;22.675;16.9;61.5;27;12.1;3.633333;
2019-10-06;0;919.4375;12.583333;30.2;22.433333;15.5;57.791667;30;12.4;2.391667;
2019-10-07;0;919.791667;13.4875;32.4;23.2;15.5;58.416667;27;8;2.570833;
2019-10-08;0;919.575;14.775;31.7;23.829167;18;61.083333;27;12.4;3.341667;
2019-10-09;0;919.8125;13.075;33;24.683333;17.8;54.125;21;11.2;3.654167;
2019-10-10;0;920.7625;13.6375;30.2;23.25;18;58.541667;29;14.7;4.395833;
2019-10-11;0;921.691667;13.270833;32.5;23.929167;17.1;55.375;23;11.1;3.6625;
2019-10-12;0;921.65;12.604167;32.3;23.9875;18.8;54.25;19;9.1;3.175;
2019-10-13;0;920.475;12.216667;30.4;22.941667;16.5;55.666667;18;10.4;3.408333;
2019-10-14;0;919.791667;12.283333;31.4;23.191667;16.3;55.25;23;8.5;2.808333;
2019-10-15;0;920.116667;13.166667;31.6;23.5625;16.6;56.083333;26;11.9;2.708333;
2019-10-16;0;921.104167;13.3375;30.9;23.370833;17.1;57.041667;27;11.1;3.391667;
2019-10-17;0;921.429167;11.3875;30.9;22.895833;17.4;53.166667;22;9.9;3.241667;
2019-10-18;0;920.975;10.204167;31.7;22.8625;14.7;51.416667;15;9.1;2.904167;
2019-10-19;0;918.475;9.925;34.8;24.275;13.7;44.958333;19;9.7;1.670833;
2019-10-20;0;916.370833;11.670833;34.9;25.875;16.5;44.541667;20;8.6;1.879167;
2019-10-21;0;915.9875;15.7625;34.1;25.7625;21.1;57.833333;28;10;3.3625;
2019-10-22;15.4;916.925;18.208333;28.5;22.566667;19.7;78.791667;45;6.8;2.170833;
2019-10-23;13.8;918.845833;18.9625;23.5;20.645833;18.7;90.291667;68;6.7;1.429167;
2019-10-24;8.6;920.091667;18.808333;27.7;21.766667;19.2;84.5;57;7.5;2;
2019-10-25;11;920.366667;18.979167;27.3;21.95;18.8;84.291667;59;7.5;1.916667;
2019-10-26;0;920.370833;17.104167;30.2;23.6;19.8;70.208333;37;7.1;2.045833;
2019-10-27;0;920.641667;13.016667;33;24.483333;17.9;55.208333;16;10.6;2.541667;
2019-10-28;0;919.920833;13.820833;31.8;24.033333;16.5;57.916667;25;11.1;3.05;
2019-10-29;0;918.754167;12.383333;32.5;24.4;17.9;52.333333;19;9.6;3.2875;
2019-10-30;0;918.758333;11.7375;32.6;24.354167;15.8;51.666667;17;9.3;3.0375;
2019-10-31;0;919.458333;13.4875;33.2;24.233333;16.2;56.416667;23;8.1;2.295833;
2019-11-01;0;919.4625;14.908333;32.4;24.4375;18.2;59.333333;29;10.2;2.579167;
2019-11-02;0;919.1625;14.9;31.5;24.145833;19.5;60.583333;27;10.1;3.5;
2019-11-03;0;918.25;14.295833;31.5;23.975;18.6;59.125;27;9.1;2.516667;
2019-11-04;0;917.141667;13.629167;34.3;25.1875;16.6;55.25;19;8.8;1.895833;
2019-11-05;0;917.545833;14.058333;35.9;26.941667;17.5;49.666667;21;7.7;1.554167;
2019-11-06;0;917.7125;14.266667;34.7;26.445833;17.8;51.375;24;8;1.9375;
2019-11-07;0;917.820833;13.229167;33.2;24.85;17.9;52.541667;22;8.6;2.725;
2019-11-08;0;916.745833;11.395833;33.6;24.45;16.4;50.708333;17;8.9;2.4375;
2019-11-09;0;917.754167;11.975;33.1;24.670833;17.3;50.5;20;10.7;2.954167;
2019-11-10;0;918.470833;12.808333;34;25.095833;17.2;51.958333;19;9.8;2.7625;
2019-11-11;0;917.341667;11.166667;35;25.329167;16.2;46.708333;13;10.3;2.395833;
2019-11-12;0;917.7375;12.704167;31.9;24.55;15.6;51.541667;20;13;3.479167;
2019-11-13;0;918.925;13.333333;31.8;24.308333;18;54.208333;23;15.1;3.733333;
2019-11-14;0;918.2875;13.066667;32.6;24.570833;17.4;52.958333;26;9.9;2.641667;
2019-11-15;0;915.404167;13.195833;34.6;25.9375;17.3;50.25;23;10.4;2.220833;
2019-11-16;.2;914.533333;18.079167;30.7;23.129167;20.1;75.083333;40;15;2.458333;
2019-11-17;18.8;916.166667;19.85;27.9;22.425;19.7;86.583333;59;8.1;1.716667;
2019-11-18;35;919.7125;18.9625;26;21.766667;19.4;85.041667;61;5;1.1125;
2019-11-19;0;919.920833;17.395833;30;22.908333;18.9;73.333333;43;7.2;2.304167;
2019-11-20;0;919.45;15.35;29.7;22.829167;17;66.791667;30;8.5;1.908333;
2019-11-21;0;919.1125;15.216667;30.3;22.775;17;64.958333;38;10.4;2.979167;
2019-11-22;0;918.333333;14.9875;31.7;24.3125;19.2;60.125;30;10;2.5875;
2019-11-23;0;917.245833;14.3625;33.7;25.120833;17.3;56.916667;21;8.2;1.716667;
2019-11-24;0;916.5125;16.783333;30.1;23.654167;18.6;66.75;39;9.7;1.154167;
2019-11-25;63.2;918.641667;18.804167;24.8;20.875;17.7;88.291667;72;8.2;2.533333;
2019-11-26;.2;920.004167;17.4375;23.1;20.104167;17.6;85;71;7.3;2.808333;
2019-11-27;0;919.745833;16.895833;26.1;21.320833;17.6;77;56;7.1;2.483333;
2019-11-28;0;917.516667;16.7875;31.6;23.745833;17.1;68.416667;36;8.2;1.525;
2019-11-29;0;917.8;18.8875;27.3;23.170833;20.3;77.416667;57;5.7;1.158333;
2019-11-30;.4;917.983333;19.3125;31.8;24.791667;20.4;74.541667;38;6.6;1.291667;
2019-12-01;0;918.6;18.241667;31.8;24.058333;19.2;72.5;35;8.6;1.933333;
2019-12-02;0;917.208333;19.1875;30.9;23.416667;20.4;78.375;47;8.6;1.1875;
2019-12-03;0;917.958333;20.066667;25.9;22.270833;20.6;87.625;70;7.1;1.779167;
2019-12-04;8.6;919.316667;19.029167;28.5;22.595833;19.9;81.625;51;6.1;1.854167;
2019-12-05;0;918.504167;15.808333;32.6;25.1375;19.6;61.25;30;8.4;1.783333;
2019-12-06;0;917.004167;15.183333;31;24.545833;16.8;57.75;36;7.9;1.554167;
2019-12-07;0;916.566667;18.5125;31.9;25.025;18.9;68.958333;37;8.8;1.391667;
2019-12-08;44.2;918.6875;19.891667;26.6;21.9;19.8;88.958333;67;8.9;2.208333;
2019-12-09;1.8;919.3375;18.441667;28.6;22.2875;19.4;80.5;51;6.7;2.316667;
2019-12-10;0;918.970833;14.679167;30.9;22.829167;17;64.458333;28;9;1.708333;
2019-12-11;0;917.566667;13.841667;31.6;23.116667;14.9;60.958333;25;8.2;1.558333;
2019-12-12;0;917.0125;15.7125;32.4;23.608333;16;65.041667;30;7.1;2.016667;
2019-12-13;0;918.125;15.691667;32;24.1625;18.4;62.541667;31;11.3;3.0375;
2019-12-14;0;920.791667;16.6;31.3;23.475;17.1;67.833333;38;10.9;3.920833;
2019-12-15;0;921.520833;16.308333;28.8;22.866667;17.7;68.375;43;12;3.833333;
2019-12-16;0;920.095833;15.995833;30.7;22.308333;16.2;70.958333;33;11.6;3.183333;
2019-12-17;0;918.608333;14.416667;31.8;23.429167;17.6;62.375;26;7.6;2.125;
2019-12-18;0;918.4875;15.8625;32.9;25.083333;17.2;61.375;29;10;2.4;
2019-12-19;0;919.458333;14.966667;32.7;25.020833;18.4;58.375;26;11.7;2.995833;
2019-12-20;0;919.654167;13.545833;32.8;24.65;17.8;56.208333;19;9.7;3.104167;
2019-12-21;0;919.083333;15.991667;33.7;25.3625;20.2;60.416667;27;8.6;2.954167;
2019-12-22;0;918.6375;14.870833;33.4;25.358333;17.8;56.708333;28;9;2.579167;
2019-12-23;0;918.766667;15.6;32.1;24.45;17.8;60.833333;34;11.7;2.504167;
2019-12-24;0;918.716667;15.570833;32.9;23.766667;17.1;63.291667;30;10.8;2.558333;
2019-12-25;.6;918.7375;18.041667;31.7;24.2875;19.5;71.25;37;10.1;2.258333;
2019-12-26;41.8;920.283333;18.391667;26.9;21.7875;16.1;82.333333;56;23.7;1.525;
2019-12-27;0;920.425;17.133333;29.4;22.279167;17.3;74.75;44;11.4;2.458333;
2019-12-28;0;919.579167;16.7375;30.1;22.9375;18.9;70.291667;38;8;2.604167;
2019-12-29;0;918.2125;16.308333;30;23.2125;18.2;67.666667;39;7.4;2.033333;
2019-12-30;0;916.708333;15.929167;30.8;22.945833;18.6;67.75;30;10.9;1.745833;
2019-12-31;2.4;916.741667;15.854167;31.8;23.195833;17.1;68.791667;29;10.1;1.691667;
2020-01-01;4.8;916.758333;17.841667;30.8;23.375;18.5;74.25;37;11;1.704167;
2020-01-02;0;917.179167;17.604167;27.9;23.304167;19.8;71.833333;51;9;2.054167;
2020-01-03;6;917.495833;19.029167;29.7;22.995833;19.7;80.541667;43;12.8;2.179167;
2020-01-04;9.4;917.454167;20.141667;26.8;22.383333;20.5;87.541667;63;9.7;1.704167;
2020-01-05;24.6;917.841667;19.5375;25.2;21.2625;19.7;90.333333;71;10.2;2.458333;
2020-01-06;2.6;918.095833;19.704167;30.2;22.4875;19.8;85.791667;49;9.8;1.716667;
2020-01-07;11.8;918.616667;19.508333;31.4;23.55;18.1;80.5;44;7.6;1.241667;
2020-01-08;0;918.416667;18.745833;33.3;24.875;19.1;73.333333;31;8.2;1;
2020-01-09;0;918.508333;17.766667;31.1;23.7625;18.2;72;37;5.3;1.408333;
2020-01-10;0;918.858333;14.270833;31;23.008333;15.1;62.708333;28;11.1;1.804167;
2020-01-11;0;918.979167;14.629167;31.8;23.65;16.1;60.875;30;6.8;1.575;
2020-01-12;0;919.220833;14.420833;33.1;24.45;15.2;58.708333;18;7.3;1.175;
2020-01-13;0;918.525;14.020833;34.4;25.675;16.5;54.083333;18;8.5;1.008333;
2020-01-14;0;918.55;14.7;34;25.158333;17.2;56.791667;22;7;1.9;
2020-01-15;0;919.083333;12.395833;32.7;24.3375;17.2;52.916667;20;8.8;2.2875;
2020-01-16;0;920.054167;14.716667;32.9;25.058333;17.2;55.916667;30;9;1.9625;
2020-01-17;0;919.616667;16.758333;34.4;26.370833;18.7;58.625;30;6.3;1.545833;
2020-01-18;0;920.716667;17.070833;30.5;24.866667;20.1;63.708333;42;7.6;2.383333;
2020-01-19;0;919.7875;15.095833;32;24.433333;18.9;59.791667;30;11.7;2.533333;
2020-01-20;0;917.45;16.358333;33;25.2875;20;61.458333;27;6.7;1.8125;
2020-01-21;.6;915.766667;18.554167;27;22.9125;19.8;77.291667;50;9.8;1.995833;
2020-01-22;2.6;915.908333;19.266667;24.7;21.6;19.8;86.875;70;6.6;1.625;
2020-01-23;6;916.3375;18.866667;22.7;20.633333;19.2;89.625;78;10.2;2.520833;
2020-01-24;17;916.629167;19.033333;22.5;20.429167;19.2;91.75;78;11.8;2.65;
2020-01-25;3.8;917.3875;18.466667;29.4;23.520833;19.9;75.208333;49;11.8;2.833333;
2020-01-26;8.4;918.7125;19.629167;25.6;21.445833;20;89.958333;68;12.3;1.733333;
2020-01-27;21;919.029167;18.9875;28.4;22.479167;19.1;82.125;53;9.1;1.516667;
2020-01-28;3.8;920.404167;19.866667;23.9;21.270833;20.1;91.875;77;8.8;.708333;
2020-01-29;3.4;920.8625;19.475;30.9;22.1;17.7;86.5;45;11;.745833;
2020-01-30;7.8;921.058333;18.316667;31.2;24.233333;19.4;73;37;9.6;1.808333;
2020-01-31;0;920.608333;16.6875;31.3;23.520833;17.7;69;32;8.8;1.695833;
2020-02-01;0;920.008333;16.004167;32;24.008333;16.8;66;29;8.2;.929167;
2020-02-02;0;919.283333;15.795833;32;23.879167;16.2;64.416667;34;9.4;1.295833;
2020-02-03;0;919.545833;16.258333;32.6;24;16;66.916667;29;6;.920833;
2020-02-04;3.6;919.966667;20.416667;29.2;23.679167;21.1;82.916667;51;9.2;1.566667;
2020-02-05;2.8;919.5;19.5;31;24.3625;20.9;76.833333;43;8.7;1.6;
2020-02-06;0;919.729167;17.341667;28.6;23.025;19.1;72.375;42;5.8;1.191667;
2020-02-07;2;918.466667;18.158333;29.7;22.625;19.3;77.875;38;10.4;2.054167;
2020-02-08;16.6;919.566667;18.325;27.4;21.683333;18.6;82.958333;51;5.9;1.225;
2020-02-09;1;921.175;19.070833;29.1;22.616667;19.7;82;50;11.6;1.270833;
2020-02-10;0;921.566667;18.4375;32.4;23.4125;19.1;76.708333;35;7.6;1.175;
2020-02-11;.2;919.720833;17.325;34;25.345833;18.4;66.625;27;6.4;1.120833;
2020-02-12;0;918.754167;15.729167;32.8;25.116667;19.3;60.291667;26;9.6;1.983333;
2020-02-13;0;918.779167;15.579167;33.2;24.575;17.8;60.875;28;6.6;1.154167;
2020-02-14;0;919.566667;17.745833;29.6;23.775;19.6;70.458333;45;7.9;1.616667;
2020-02-15;0;919.3625;18.179167;32;24.1625;19.5;72.375;34;8.3;1.504167;
2020-02-16;.6;919.166667;16.8625;32;24.445833;19;66.083333;34;7.1;1.595833;
2020-02-17;0;919.354167;15.845833;30.9;24.154167;17.6;63.625;30;7.9;1.9;
2020-02-18;0;919.991667;17.408333;32.2;23.8375;19.7;69.708333;33;15.9;2.875;
2020-02-19;.2;918.545833;17.158333;31.8;22.570833;18.2;75.416667;31;10.4;2.2375;
2020-02-20;4.2;918.35;17.558333;31.3;21.25;16.2;82;37;12.8;1.275;
2020-02-21;18.4;918.204167;18.433333;32.4;23.379167;17.4;76.875;37;12.6;1.191667;
2020-02-22;.8;918.875;19.629167;30.7;22.8625;19;83.041667;49;9.7;1.041667;
2020-02-23;1.8;920.116667;20.4125;28.6;22.404167;19.5;89.041667;59;6.7;1.216667;
2020-02-24;3.2;920.379167;19.6125;29.8;23.4625;20;80.5;54;6.9;1.925;
2020-02-25;0;919.666667;19.004167;31.9;23.8875;19.6;76.583333;41;8.4;1.379167;
2020-02-26;0;917.995833;18.625;32.6;24.504167;19.1;73.166667;36;11.2;.8625;
2020-02-27;0;917.266667;17.904167;34.2;26.4125;19;63.416667;30;10.5;1.4875;
2020-02-28;0;919.6625;20.354167;29.6;24.716667;21.1;77.708333;55;7.8;1.670833;
2020-02-29;0;920.6;18;31.2;24.4125;20.2;70.375;35;7.1;2.2;
2020-03-01;0;919.65;18.154167;29.7;23.491667;18.2;74;46;6;1.341667;
2020-03-02;0;918.25;17.745833;29.9;24.045833;20;69.541667;43;8.8;1.741667;
2020-03-03;7.6;918.875;19.645833;27.7;22.904167;20.3;83;56;6.2;1.3625;
2020-03-04;2.4;919.466667;20.883333;26.5;22.6375;20.8;90.125;71;7.7;.645833;
2020-03-05;23.6;919.866667;20.691667;25.7;21.795833;20.3;93.625;71;8;.916667;
2020-03-06;31.2;919.3375;20.2;27.9;22.091667;20.1;90;59;7.7;.7875;
2020-03-07;38.8;918.016667;20.329167;27.3;22.2875;20.2;89.166667;63;8.4;1.2125;
2020-03-08;101;919.116667;18.8375;23.2;19.9625;17.8;93.416667;80;7.3;1.6375;
2020-03-09;5.2;920.166667;20.233333;23.9;21.0375;19.1;95.083333;81;6.5;1.575;
2020-03-10;66;920.1;19.458333;25.8;21.670833;19.4;87.75;70;6.9;1.808333;
2020-03-11;0;919.15;19.795833;26.7;21.85;20;88.416667;67;8;1.6;
2020-03-12;9.8;919.541667;19.541667;28;22.104167;19.5;86.708333;60;10.5;2.329167;
2020-03-13;5.6;920.454167;18.641667;28.2;21.55;18.8;85.125;51;10.7;1.945833;
2020-03-14;9.2;921.091667;19.208333;27.8;21.670833;19.1;86.916667;56;8.9;1.966667;
2020-03-15;6.2;920.904167;18.3;27;21.1375;17.6;85.083333;54;8.7;2.129167;
2020-03-16;0;920.508333;18.329167;28.8;22.170833;18.1;80.75;48;9;1.383333;
2020-03-17;0;920.129167;18.6;29;22.483333;18;80.5;50;6.2;1.275;
2020-03-18;0;919.475;17.829167;30.4;22.866667;17.6;76.166667;41;7;1.254167;
2020-03-19;0;917.866667;17.5;30.4;23.2;18.4;73.708333;31;5.5;.8625;
2020-03-20;0;916.55;18.525;31.7;23.3625;18.1;76.791667;41;10.5;1.858333;
2020-03-21;1.2;917.4125;18.958333;30.1;23.916667;19.6;75.708333;48;8.8;2.054167;
2020-03-22;0;918.970833;19.6875;29.3;23.341667;20.2;81.125;54;11.5;1.704167;
2020-03-23;4.6;920.729167;19.570833;23.3;20.833333;19.7;92.583333;80;6.5;1.633333;
2020-03-24;6.2;921.2375;17.583333;20.7;18.645833;17.2;93.583333;87;7.8;1.6375;
2020-03-25;6.4;920.5125;17.3875;22.1;18.720833;16.8;92.208333;78;7.6;1.191667;
2020-03-26;0;919.8125;17.729167;25.7;20.595833;18.1;84.5;59;6;1.504167;
2020-03-27;.4;919.7375;17.579167;26.5;21.595833;18.6;79.166667;57;7.8;1.908333;
2020-03-28;0;921.2625;17.116667;28.2;21.516667;16.9;77.791667;49;7.1;1.820833;
2020-03-29;0;921.725;17.925;28.5;21.683333;16.9;80.458333;55;7.4;2.0125;
2020-03-30;1;920.245833;18.829167;29.9;23.058333;19.9;79.291667;47;8.3;2.2;
2020-03-31;0;919.458333;17.629167;30.4;22.55;17.1;76.791667;38;8.4;1.879167;
2020-04-01;0;919.8;17.645833;30.8;22.9875;17.1;75.125;38;11.5;1.479167;
2020-04-02;0;920.554167;17.8;31.5;24.095833;17.6;70.708333;39;5.6;.754167;
2020-04-03;0;917.808333;17.55;31.7;24.108333;17.9;69.875;38;7.6;1.625;
2020-04-04;0;917.270833;18.579167;31.6;24.6;18;71.708333;45;10.6;2.125;
2020-04-05;0;919.733333;20.245833;30.5;23.5;19.1;83.125;54;7.6;1.4875;
2020-04-06;1.2;921.229167;20.066667;28.9;23.3375;20.6;83.166667;55;7.2;1.995833;
2020-04-07;.2;920.104167;19.075;30.9;24.1125;19.9;75.291667;46;8.3;1.441667;
2020-04-08;0;918.504167;19.320833;31.6;23.1;18;81.458333;41;9.2;.9625;
2020-04-09;32;918.291667;20.35;27.3;22.454167;20.2;88.75;64;5.9;.854167;
2020-04-10;7.4;919.0625;20.416667;24.9;21.6875;20.1;92.708333;75;5.6;1.683333;
2020-04-11;9.4;919.466667;20.020833;28.4;22.320833;19.8;87.916667;55;6.2;1.283333;
2020-04-12;3.4;919.879167;19.8375;29.1;22.941667;20;84.041667;54;7.3;1.2375;
2020-04-13;0;920.625;18.604167;24;21.029167;19.5;86.458333;69;7.7;2.858333;
2020-04-14;.2;919.170833;17.979167;23.8;19.85;16.4;89.083333;74;6.6;1.841667;
2020-04-15;2.2;919.941667;19.404167;24.4;20.758333;18.9;92.333333;75;4.2;.845833;
2020-04-16;3.2;921.9;19.779167;28.5;22.475;19.8;86;54;6.8;1.391667;
2020-04-17;12.2;922.266667;19.270833;28.6;22.241667;19.2;84.75;53;6.6;1.6375;
2020-04-18;3.4;923.075;18.704167;21.7;20.1125;19.4;91.75;83;8.4;2.266667;
2020-04-19;0;923.466667;17.0875;22.5;19.404167;17;86.875;72;7.3;1.5625;
2020-04-20;.2;922.483333;17.45;22.5;19.7875;18;86.541667;74;6.2;1.2625;
2020-04-21;0;921.5375;17.875;23;20.658333;18.8;84.458333;71;5.4;1.3;
2020-04-22;0;920.6;16.975;26;20.391667;15.3;82.083333;58;6.5;1.2125;
2020-04-23;0;920.679167;18.479167;25;20.545833;18.6;88.458333;64;7.5;1.495833;
2020-04-24;4;922.204167;17.383333;23.7;19.825;18;86.541667;66;5.8;1.616667;
2020-04-25;.2;923.233333;15.620833;25.4;19.208333;14.4;80.583333;58;11;2.483333;
2020-04-26;1.8;923.470833;17.5875;24.4;19.7875;17.2;87.791667;68;9.5;2.304167;
2020-04-27;.6;924.120833;14.475;25.1;18.875;14.7;77.583333;49;7.9;2.225;
2020-04-28;0;924.275;14.85;24.6;17.854167;12.6;83.416667;60;7.6;1.783333;
2020-04-29;0;924.016667;14.608333;25.7;18.5875;14.6;80;50;5.8;1.533333;
2020-04-30;0;922.966667;14.245833;27.2;18.841667;11.8;77.166667;43;4.2;.679167;
2020-05-01;0;922.770833;15.358333;29.1;20.529167;13.7;75.375;39;4.5;.620833;
2020-05-02;0;921.466667;16.6875;30;22.691667;17.1;72.625;33;5.7;.975;
2020-05-03;0;920.125;14.108333;30.6;21.85;14.9;67.125;25;6.8;1.008333;
2020-05-04;.6;920.729167;16.2875;26.3;19.920833;15.8;80.916667;51;7.3;1.579167;
2020-05-05;0;920.904167;15.308333;28.1;20.583333;16;75.375;34;5.8;1.225;
2020-05-06;0;920.85;15.945833;28.3;21.366667;17;73.583333;38;4.8;1.020833;
2020-05-07;0;920.166667;15.770833;30;21.3;14.2;74.083333;31;5.4;.929167;
2020-05-08;0;923.25;16.966667;22.9;18.5875;19.2;90.5;70;7.5;2.0625;
2020-05-09;16;925.454167;14.654167;17.7;16.066667;14.6;91.333333;84;7.3;1.733333;
2020-05-10;0;925.2375;14.266667;23.8;17.854167;14.4;80.958333;55;7.5;1.641667;
2020-05-11;0;924.6875;15.0375;24.9;18.7125;14.5;80.5;55;8;.645833;
2020-05-12;0;922.9125;16.679167;25.1;19.8625;16.5;83.083333;54;7.2;.579167;
2020-05-13;0;921.991667;16.858333;24.7;19.675;17.3;84.458333;66;6.4;0;
2020-05-14;0;921.2375;17.025;28.8;20.4625;14.4;82.583333;48;8.3;.041667;
2020-05-15;.2;921.104167;17.679167;28.4;21.070833;15.8;83;49;5.4;0;
2020-05-16;0;920.775;18.108333;28;21;17.1;84.875;53;6.2;.029167;
2020-05-17;37;921.958333;18.6625;21.4;19.595833;18.7;94.416667;85;3.5;0;
2020-05-18;.4;923.679167;17.541667;24;19.879167;17.7;87;69;6.8;.558333;
2020-05-19;0;925.008333;17.070833;23.3;19.533333;17.5;85.958333;69;8;.454167;
2020-05-20;1.6;925.625;15.9625;23.7;19.008333;16.6;83.541667;59;8.3;1.233333;
2020-05-21;.4;925.1;16.345833;21.7;18.266667;15.3;88.916667;70;7.5;.254167;
2020-05-22;0;924.1875;17.183333;23.4;19.5125;16.7;86.958333;69;2.2;0;
2020-05-23;0;923.2375;18.1375;24.6;20.470833;16.7;87.291667;67;0;0;
2020-05-24;0;921.458333;18.525;28.7;22.366667;19.1;80.75;52;8.1;.041667;
2020-05-25;2;920.0625;18.479167;28.2;21.570833;17.1;84.375;54;5.8;.145833;
2020-05-26;.4;919.566667;18.708333;28;21.691667;19;84.833333;52;7.2;.054167;
2020-05-27;.2;920.129167;15.3625;28.3;20.9625;15.9;73.791667;40;9.3;.3875;
2020-05-28;0;922.1875;13.345833;23.1;16.170833;10.9;84.5;57;5.8;.033333;
2020-05-29;0;924.016667;10.916667;23;15.033333;7.4;78.75;47;9.1;.7125;
2020-05-30;0;923.295833;11.941667;24;17.025;11.1;73.708333;48;7;.058333;
2020-05-31;0;922.641667;13.441667;24.9;17.066667;11.1;81.125;50;7.7;.016667;
2020-06-01;0;921.854167;13.091667;26.9;16.9875;9.4;80.375;46;0;0;
2020-06-02;.2;921.625;15.154167;28.8;19.283333;11.8;79.791667;42;3.1;0;
2020-06-03;0;922.5875;18.020833;27.4;21.1125;17.2;83.916667;55;5.2;0;
2020-06-04;0;924.0625;17.629167;26.4;20.754167;17.9;83.416667;57;7.8;1.129167;
2020-06-05;0;925.329167;15.516667;23.1;18.5125;14.7;83.416667;64;7;.033333;
2020-06-06;0;924.604167;14.879167;25.2;18.845833;14.9;79.958333;46;6.8;.379167;
2020-06-07;.2;924.404167;14.875;26.1;18.195833;11.9;82.583333;53;7.7;.3375;
2020-06-08;0;923.354167;15.733333;25.4;18.4125;14.4;85.583333;56;3.9;0;
2020-06-09;.2;922.129167;13.408333;27.4;18.404167;11;76.5;36;6.6;.05;
2020-06-10;0;922.541667;14.3625;26.4;18.033333;11.2;80.875;52;6.5;.175;
2020-06-11;0;923.316667;14.5125;26.1;17.8375;11.5;82.916667;48;0;0;
2020-06-12;.2;922.141667;13.795833;24.8;17.004167;11.1;83.083333;52;6.8;.004167;
2020-06-13;0;923.120833;14.379167;26.8;18.716667;12.4;78.125;47;4.8;.0125;
2020-06-14;0;924.241667;13.304167;26.5;18.041667;11.6;77.458333;39;9.5;.979167;
2020-06-15;0;925.808333;14.508333;21.9;16.879167;12.4;86.375;70;9.8;2.3375;
2020-06-16;0;926.195833;15.695833;22.4;18.4125;16.2;84.541667;70;9.5;3.058333;
2020-06-17;.6;925.729167;15.204167;20.1;17.216667;15.5;88.166667;72;10.4;3.3125;
2020-06-18;1.4;925.241667;13.370833;24.2;17.625;11;78.416667;49;8.3;2.470833;
2020-06-19;0;924.5875;16.808333;25.2;19.379167;16.6;85.791667;59;7.1;1.941667;
2020-06-20;1.8;925.583333;14.6875;26.2;19.525;16.9;76.875;38;9.2;2.145833;
2020-06-21;0;925.45;11.75;24.3;16.270833;9.4;77.291667;44;9.8;.558333;
2020-06-22;0;924.091667;12.7125;26.3;17.370833;9.6;76.291667;49;6.9;.120833;
2020-06-23;0;922.3125;14.470833;21.4;17.733333;13.7;82;64;7.5;.4875;
2020-06-24;0;922.6375;12.195833;23.9;16.533333;10.7;77.916667;46;8;1.3;
2020-06-25;.2;923.404167;12.775;24.5;15.8375;9.1;83.916667;53;5.4;.9;
2020-06-26;.2;922.491667;12.979167;26.1;17.925;12.4;76.208333;36;6.1;.958333;
2020-06-27;0;920.7875;13.604167;26.6;17.629167;10.1;79.208333;49;5.4;1.145833;
2020-06-28;0;921.845833;15.883333;26.4;19.725;16.6;80.875;43;6.7;1.741667;
2020-06-29;0;923.3625;13.995833;24.8;19.075;14.8;74.541667;46;11.1;2.9;
2020-06-30;0;921.691667;16.670833;24.3;19.016667;16.6;86.791667;68;6.1;1.558333;
2020-07-01;.2;919.845833;16.016667;27.8;20.179167;16.9;80.25;36;5.3;.8;
2020-07-02;0;919.329167;12.591667;29.3;19.025;11.2;71.958333;27;4.7;.6375;
2020-07-03;0;920.591667;14.275;27.8;19.720833;13.9;73.125;42;7.4;.208333;
2020-07-04;0;922.366667;14;26.4;18.295833;13.1;77.916667;46;8.2;1.108333;
2020-07-05;0;923.729167;14.654167;24.5;18.216667;14.6;81.125;53;8.6;1.641667;
2020-07-06;.2;922.8875;15.375;25.4;19.070833;15.5;81.166667;50;12.2;1.3375;
2020-07-07;.4;922.004167;13.845833;25;18.6875;13.8;76.125;43;9.5;1.954167;
2020-07-08;0;921.8875;12.145833;25.8;17.145833;9.3;75.583333;41;5.8;.9125;
2020-07-09;.2;923.470833;13.85;26.3;18.095833;12.2;78.833333;42;6;.908333;
2020-07-10;0;923.6375;11.020833;26.8;18.45;10.2;67.333333;30;9.2;1.0375;
2020-07-11;0;924.2375;11.891667;24.6;17.554167;11.9;72.541667;38;10.6;.983333;
2020-07-12;0;923.095833;12.1;25.6;17.3;10.3;74.875;41;7.5;0;
2020-07-13;.2;923.141667;14.133333;24.6;17.683333;12.6;81.458333;49;5.6;.195833;
2020-07-14;0;923.3875;13.970833;25.8;18.225;13.3;78.375;42;4.3;0;
2020-07-15;0;923.729167;10.6375;25.8;16.0375;7.6;74.791667;32;10.3;1.166667;
2020-07-16;0;925.345833;13.3625;25.2;17.225;11.6;79.708333;51;10.3;2.420833;
2020-07-17;.8;925.408333;15.15;23.6;17.6625;15.5;86.125;60;6.2;1.95;
2020-07-18;.2;925.254167;12.1875;23.7;17.404167;12.6;74.583333;40;9;2.195833;
2020-07-19;0;925.033333;11.308333;25.3;16.654167;11.7;73.125;38;10.2;2.179167;
2020-07-20;.2;924.25;14.520833;25.1;17.958333;12;81.958333;54;8.2;1.1;
2020-07-21;0;923.295833;14.045833;25.6;18.8;14.4;76;45;9.3;2.220833;
2020-07-22;.2;923.158333;10.75;25.4;17.133333;11;70.666667;32;7.9;1.145833;
2020-07-23;0;923.408333;10.3125;26;16.804167;8.7;69.791667;31;8;1.108333;
2020-07-24;0;923.620833;13.391667;26.5;18.2125;11.7;75.625;46;9.5;1.145833;
2020-07-25;0;925.316667;11.4625;26;16.6;8.4;74.958333;41;9.2;1.041667;
2020-07-26;0;924.654167;15.391667;25.7;19.066667;14.9;80.583333;53;9.1;2.229167;
2020-07-27;0;925.0625;13.4625;23.4;18.3375;12.9;75.291667;46;8.3;2.4;
2020-07-28;.2;924.408333;13.1375;27;18.975;11.1;72.416667;37;8;2.166667;
2020-07-29;0;924.233333;12.35;27.3;19.2625;12.7;68.583333;28;6.2;1.329167;
2020-07-30;0;924.25;8.645833;26.3;17.145833;8.5;64;18;11.5;1.1125;
2020-07-31;0;925.5875;9.5125;25.8;16.454167;6.7;67.166667;36;11.9;1.7875;
2020-08-01;0;926.583333;13.266667;23.3;17.2875;13.5;78.458333;55;9.3;1.3125;
2020-08-02;0;926.833333;12.108333;23.9;17.5;11.2;73.583333;42;13.1;1.508333;
2020-08-03;0;928.370833;11.695833;23.9;16.85;11.3;73.166667;46;10.4;2.6375;
2020-08-04;0;928.533333;10.966667;24.1;16.095833;9.5;74.666667;41;10.7;1.616667;
2020-08-05;.6;927.725;12.2125;24.3;17.4625;13.2;73.791667;46;10;2.083333;
2020-08-06;0;927.316667;11.145833;23.8;17.791667;11.6;66.916667;44;10.7;2.275;
2020-08-07;0;927.291667;12.695833;23;16.975;14.6;77.333333;48;10.3;2.175;
2020-08-08;.8;927.4875;11.916667;23;16;9;78.5;53;8.5;.7;
2020-08-09;.4;926.454167;14.408333;22.8;17.291667;14.8;83.916667;60;9;.133333;
2020-08-10;.2;923.858333;12.941667;26;18.508333;14;73.75;36;8;.525;
2020-08-11;.6;922.233333;15.066667;27.1;19.1625;14.6;79.583333;42;8.3;.154167;
2020-08-12;0;922.054167;14.033333;27;20.404167;15.5;69.625;37;11;1.475;
2020-08-13;0;922.604167;14.258333;26.7;19.575;15.9;74;43;8.7;.608333;
2020-08-14;0;921.325;12.008333;28.3;19.370833;11.9;67.708333;32;9.8;.175;
2020-08-15;0;920.008333;13.033333;29.5;21.083333;13.8;64.291667;29;8.4;.008333;
2020-08-16;0;920.425;13.9625;29;20.954167;14.2;68.666667;30;6.9;.108333;
2020-08-17;0;920.658333;15.55;28.2;21.429167;16.3;71.5;42;7.4;.3875;
2020-08-18;0;920.8875;14.729167;28.1;20.529167;15.7;72;39;10;.766667;
2020-08-19;0;921.2875;15.216667;26.7;20.004167;16.2;76.041667;48;5.4;0;
2020-08-20;0;921.125;13.829167;30;20.9;14.7;69.583333;31;7.2;.016667;
2020-08-21;0;920.8;14.175;27.5;19.754167;12.6;72.5;43;9.6;.6625;
2020-08-22;0;921.141667;15.125;26.5;20.158333;15.7;74.25;50;8.4;.241667;
2020-08-23;0;923.166667;14.1875;22;18.558333;15.9;76.375;60;7.1;.195833;
2020-08-24;0;922.645833;12.483333;24.3;18.0375;14.5;71.5;48;7.2;.05;
2020-08-25;0;921.1125;7.904167;25.3;16.3;8;63.083333;25;7.3;.095833;
2020-08-26;0;921.041667;4.370833;27.1;16.058333;5.4;53.416667;13;8.1;.041667;
2020-08-27;0;922.2;9.420833;27.3;17.670833;8;62.291667;32;9.6;1.054167;
2020-08-28;0;922.616667;11.995833;27.2;18.866667;12.7;67.208333;35;9.4;1.154167;
2020-08-29;0;922.1875;11.491667;27.9;20.308333;15;61.125;26;10;.966667;
2020-08-30;0;922.495833;13.795833;29.7;21.704167;15.3;65.125;28;7.8;.520833;
2020-08-31;0;923.916667;12.495833;31.2;22.845833;18.2;58;19;12;.341667;
2020-09-01;0;925.2;12.2125;27.9;20.120833;13.2;64.541667;31;11.7;2.254167;
2020-09-02;0;924.270833;11.766667;28.1;19.870833;14.5;62.625;32;10.4;1.358333;
2020-09-03;0;923.041667;10.883333;27.7;19.491667;11;62.5;28;14.7;1.35;
2020-09-04;0;924.008333;11.9625;28.3;20.3625;14.7;63.291667;29;8.6;.6625;
2020-09-05;0;924.3875;12.791667;26;19.070833;13.2;69.375;39;9.9;.970833;
2020-09-06;0;922.2625;13.320833;28.8;19.904167;12.7;68.708333;37;8.9;.558333;
2020-09-07;0;920.1625;12.691667;30.2;22.279167;16.1;61.208333;22;9.1;.325;
2020-09-08;0;921.008333;14.683333;27.4;21.004167;17.5;69.541667;38;8.3;.220833;
2020-09-09;0;922.595833;8.95;31;21.116667;12;53.708333;15;9.6;.441667;
2020-09-10;0;924.066667;10.291667;29.3;20.1625;13.5;58.958333;20;9.7;.458333;
2020-09-11;0;922.095833;10.316667;30.5;20.858333;11.9;57.333333;23;9.2;1.020833;
2020-09-12;0;922.725;11.6375;29.1;20.758333;14.4;60.916667;28;12.1;1.845833;
2020-09-13;0;924.091667;12.041667;28.6;20.341667;14.5;63.291667;25;11.1;1.895833;
2020-09-14;0;925.041667;11.766667;28.7;20.879167;16.4;61;21;10.5;.575;
2020-09-15;0;923.166667;11.6375;29.7;20.566667;11.6;60;31;11.5;1.033333;
2020-09-16;0;922.333333;11.816667;30.1;21.670833;13.9;59.041667;23;9.1;.633333;
2020-09-17;0;921.2625;11.9;30.2;22.2;16.6;56.791667;24;8.8;.4375;
2020-09-18;0;920.0625;9.725;32.3;22.108333;11.9;50.708333;20;8.3;.1125;
2020-09-19;0;919.683333;10.1125;33.2;22.791667;13;51.75;16;7.8;.175;
2020-09-20;0;918.929167;9.8875;33.7;22.583333;12.4;51.666667;15;8.4;.104167;
2020-09-21;0;920.045833;12.383333;31;22.566667;16.4;56.791667;23;8.5;.408333;
2020-09-22;0;921.383333;15.070833;31.7;23.45;16.7;63.291667;31;8.3;.195833;
2020-09-23;0;923.375;15.820833;29.1;23.283333;18.9;64.625;41;9;.6625;
2020-09-24;0;923.583333;15.579167;26.7;22.095833;17.9;68.125;48;9;.566667;
2020-09-25;0;922.783333;13.725;30.1;22.4375;17.2;60.708333;32;11.1;1.583333;
2020-09-26;0;921.1375;12.408333;30.1;21.641667;15.5;60.666667;25;7.8;1.825;
2020-09-27;0;919.729167;10.875;32.9;22.7875;14;55.083333;14;7.1;1.170833;
2020-09-28;0;919.041667;7.341667;35.3;24.325;12.6;41.166667;12;9.7;2.05;
2020-09-29;0;920.166667;10.354167;34.7;24.179167;12.5;46.833333;20;12.2;2.429167;
2020-09-30;0;921.133333;13.591667;33.1;24.2875;17.1;56.083333;25;13.3;3.095833;
2020-10-01;0;920.25;12.729167;32.3;23.866667;15.7;55.75;23;11.6;2.779167;
2020-10-02;0;919.520833;11.208333;32.6;23.975;16.7;50.875;17;8.8;.654167;
2020-10-03;0;919.141667;8.7125;34.8;24.495833;14.4;45;13;11.1;.5875;
2020-10-04;0;919.408333;7.608333;35.3;24.329167;13;39.458333;14;9.9;1.175;
2020-10-05;0;921.179167;13.616667;31.6;23.991667;17.9;55.208333;30;9.5;1.554167;
2020-10-06;0;920.6625;13.5375;33.5;24.679167;17.4;54.833333;23;7.8;.304167;
2020-10-07;0;920.283333;11.020833;37.4;26.308333;16.6;45.958333;14;11.8;.5;
2020-10-08;0;918.770833;9.545833;38.2;28.091667;16;37.125;10;7.8;.333333;
2020-10-09;0;917.541667;11.595833;36.6;27.8875;19.6;42.666667;14;9.9;.254167;
2020-10-10;0;916;11.966667;37.1;27.841667;18.8;40.458333;20;11.1;.829167;
2020-10-11;.8;919.354167;17.466667;30.2;24.6375;20.7;65.75;44;9.3;.333333;
2020-10-12;.4;921.8;17.420833;27.8;22.0375;18.6;76.291667;51;6.7;.0125;
2020-10-13;0;920.591667;16.9625;30.9;23.2625;19.2;70.291667;38;7.9;.370833;
2020-10-14;0;920.008333;14.8;31.7;24.458333;20.1;59.916667;27;8.5;.175;
2020-10-15;0;918.9125;9.729167;35.7;25.275;13.9;45.208333;13;8.7;.125;
2020-10-16;0;920.158333;14.129167;32.9;24.804167;16.8;53.625;31;12.2;1.004167;
2020-10-17;0;920.9125;16.395833;27.7;22.620833;19.2;68.958333;49;9.9;.770833;
2020-10-18;0;920.079167;14.854167;27.9;21.845833;17.5;66.25;45;8.5;.841667;
2020-10-19;0;920.15;15.741667;28.9;22.354167;18.8;67.583333;42;8.4;.3375;
2020-10-20;0;920.983333;15.379167;30.5;23.7125;18.6;62.791667;34;10.9;.8;
2020-10-21;0;921.175;16.770833;31.5;23.883333;20.4;67.958333;32;10.6;.354167;
2020-10-22;6.6;920.920833;17.775;27.3;22.0375;18.4;78.458333;52;5.7;0;
2020-10-23;.2;920.733333;17.495833;26.5;22.108333;19.5;75.833333;59;8.3;.3875;
2020-10-24;0;919.220833;16.720833;28.7;21.708333;18.2;76;41;10;.316667;
2020-10-25;1.6;916.795833;17.808333;29.1;22.679167;19.3;76.875;45;17.5;.079167;
2020-10-26;70.4;915.504167;18.35;29.8;21.7375;17.9;83.666667;47;13.9;.466667;
2020-10-27;18.4;914.133333;18.5625;30.8;23.225;18.3;78.125;42;14.4;.5875;
2020-10-28;0;915.2375;18.470833;31.4;24.558333;19.6;71.208333;44;10.7;.675;
2020-10-29;1.6;917.4125;19.4;30;22.091667;19;85.875;48;13.1;.2625;
2020-10-30;10.2;918.2125;18.808333;27.9;23.033333;20.4;78.833333;55;8;.108333;
2020-10-31;0;917.570833;18.370833;28.2;23.020833;19.9;76.416667;51;7.3;.016667;
2020-11-01;.6;915.879167;18.954167;27.4;22.3125;19.9;82.875;54;8.5;.158333;
2020-11-02;57.2;917.1375;16.516667;20.4;16.9875;15;97.041667;95;8.6;.045833;
2020-11-03;19;918.995833;16.441667;19.3;17.2875;15.8;94.916667;87;6.4;.004167;
2020-11-04;.6;919.529167;17.033333;20.7;17.929167;16.5;94.666667;83;3.6;.008333;
2020-11-05;12.8;918.375;17.475;24.8;19.970833;16.7;86.291667;65;4.8;0;
2020-11-06;0;919.0125;18.433333;30;22.166667;18.5;81.625;44;8.2;.145833;
2020-11-07;8.8;921.825;17.9375;29.1;23.2625;19.7;74.791667;46;8.1;.245833;
2020-11-08;0;921.983333;16.470833;31;23.683333;18.7;67.375;34;8.2;.5125;
2020-11-09;0;920.741667;15.325;31.4;23.541667;16.6;64.416667;30;9.1;.616667;
2020-11-10;0;920.025;13.745833;31.6;23.5125;16;60.041667;19;9.8;.1875;
2020-11-11;0;919.454167;14.925;31;23.141667;15.7;64;29;9.2;.095833;
2020-11-12;0;918.3375;14.045833;31.4;23.320833;15.3;60.375;27;7.3;.191667;
2020-11-13;0;918.283333;15.125;31.5;23.208333;15.2;63.291667;35;7.8;.079167;
2020-11-14;0;918.016667;16.529167;32.9;23.6375;16.7;67.625;30;9.7;.120833;
2020-11-15;0;918.658333;18.829167;29.5;21.6;18.5;85.333333;50;10.5;.0375;
2020-11-16;23.6;916.970833;19.525;27.9;22.341667;19;85.333333;57;7.9;.125;
2020-11-17;1.8;916.308333;19.170833;28.9;22.8375;19.7;81.375;53;10.3;.654167;
2020-11-18;0;916.079167;19.2625;27.9;23.041667;20.2;80.25;58;9.4;.141667;
2020-11-19;14.2;916.158333;19.458333;25.5;21.320833;19.3;89.583333;69;7.4;.104167;
2020-11-20;1.2;915.529167;19.016667;29.1;22.475;19;82.666667;51;6;.004167;
2020-11-21;51.4;917.5375;18.879167;22.7;20.220833;18.8;92.416667;78;8.3;.054167;
2020-11-22;6.8;919.833333;18.991667;25.7;20.758333;18.6;90;69;8;.145833;
2020-11-23;13.2;921.475;18.733333;25.5;20.083333;18.2;92.333333;69;8.5;.166667;
2020-11-24;11.6;922.616667;17.395833;25.6;20.720833;18;82.541667;57;9.3;.083333;
2020-11-25;.4;921.820833;16.520833;26.8;21.116667;16.9;76.833333;51;11.4;1.516667;
2020-11-26;0;921.154167;16.745833;25.2;19.504167;15.8;85.083333;57;7.9;.1625;
2020-11-27;2.6;921.4875;17.004167;26.1;20.020833;16.7;84.083333;56;7.3;.020833;
2020-11-28;.2;922.279167;16.391667;27.8;20.5375;16.4;78.958333;48;10.4;1.045833;
2020-11-29;.2;921.904167;16.2625;26.9;20.079167;15.3;80.541667;51;9.6;.354167;
2020-11-30;0;920.783333;15.141667;28.3;21.445833;17.5;70.291667;41;7.8;.1875;
2020-12-01;0;919.3875;14.416667;30;22.004167;14.6;66.541667;31;5.5;.05;
2020-12-02;0;918.625;15.395833;30.7;22.541667;15.1;67.25;34;6.9;.116667;
2020-12-03;0;918.433333;17.358333;31.4;22.65;16.7;73.75;40;9.7;.066667;
2020-12-04;8.2;919.8375;19.245833;30.4;22.775;18.8;81.916667;46;10.5;.116667;
2020-12-05;9.8;919.15;19.933333;30.1;23.670833;20.1;81.125;48;6.5;.079167;
2020-12-06;.2;918.920833;18.7125;29.5;23.5875;20.1;75.333333;50;7.9;.075;
2020-12-07;0;919.645833;18.466667;27.7;22.979167;20;76.75;56;5.1;.004167;
2020-12-08;0;918.983333;18.341667;29.8;23.479167;19;74.666667;48;9.4;.279167;
2020-12-09;0;919.554167;17.966667;29.2;22.066667;17.5;79.125;46;11.5;.158333;
2020-12-10;.4;918.983333;18.283333;29.2;23.0125;19.6;76.208333;48;11.8;0;
2020-12-11;.8;919.729167;18.291667;30.1;23.2;19.3;76.458333;43;9.6;.183333;
2020-12-12;0;920.366667;14.695833;30.4;23.320833;16.8;63.333333;28;9.5;.4625;
2020-12-13;0;920.725;13.483333;29.7;21.4375;14.7;64.541667;32;7.8;.008333;
2020-12-14;0;919.616667;13.695833;29.9;21.391667;15.2;66.208333;23;5.3;.0125;
2020-12-15;0;918.366667;15.6375;29.9;22.195833;15.6;68.708333;41;7;.020833;
2020-12-16;0;918.958333;15.7375;30.5;22.4125;15.7;69.083333;36;9.9;.241667;
2020-12-17;0;919.608333;15.483333;30.2;22.533333;16.6;67.625;36;8.5;.275;
2020-12-18;0;918.045833;15.95;30.8;23.325;17.5;66.708333;32;6.8;.066667;
2020-12-19;0;916.383333;16.804167;32.2;23.7875;17.9;68.041667;30;6.1;.004167;
2020-12-20;0;916.9875;18.991667;30.4;23.070833;20.8;79.458333;44;10.3;.083333;
2020-12-21;27.6;918.433333;18.825;29.8;23.0625;18.7;79.708333;45;7;.0875;
2020-12-22;0;918.091667;17.420833;31.3;24.083333;18.3;69.291667;39;6.7;.108333;
2020-12-23;0;917.670833;17.566667;29.7;23.0375;17.3;73.333333;43;6.5;.070833;
2020-12-24;0;917.533333;15.504167;29.6;22.541667;17.3;68.875;26;9.3;.0125;
2020-12-25;0;916.845833;13.733333;30.2;22.033333;14.8;62.875;29;7.6;.104167;
2020-12-26;0;917.275;15.879167;29;21.895833;16.7;70.416667;43;6.6;.045833;
2020-12-27;0;919.354167;16.125;29.3;23.104167;19.3;67.5;38;9.3;.779167;
2020-12-28;0;920.304167;15.579167;29.3;21.904167;14.8;70.083333;36;8.9;.329167;
2020-12-29;0;919.0375;16.104167;29.1;22.491667;17.1;69.791667;39;9;.491667;
2020-12-30;0;918.629167;15.770833;29.6;22.541667;17.2;68.666667;35;11.7;.283333;
2020-12-31;0;919.641667;15.679167;30.2;22.879167;17.7;66.958333;32;7.5;0;

